year,carrier_name,delay_cause,delay_mins,percentage_delay
2003,ATA Airlines d/b/a ATA,arr_delay,737.0,0.5
2003,ATA Airlines d/b/a ATA,carrier_delay,379.0,0.2571
2003,ATA Airlines d/b/a ATA,security_delay,0.0,0.0
2003,ATA Airlines d/b/a ATA,weather_delay,0.0,0.0
2003,ATA Airlines d/b/a ATA,nas_delay,175.0,0.1187
2003,ATA Airlines d/b/a ATA,late_aircraft_delay,183.0,0.1242
2003,AirTran Airways Corporation,arr_delay,477636.0,0.5
2003,AirTran Airways Corporation,carrier_delay,95443.0,0.0999
2003,AirTran Airways Corporation,security_delay,4024.0,0.0042
2003,AirTran Airways Corporation,weather_delay,10954.0,0.0115
2003,AirTran Airways Corporation,nas_delay,195354.0,0.2045
2003,AirTran Airways Corporation,late_aircraft_delay,171861.0,0.1799
2003,Alaska Airlines Inc.,arr_delay,967649.0,0.5
2003,Alaska Airlines Inc.,carrier_delay,141326.0,0.073
2003,Alaska Airlines Inc.,security_delay,0.0,0.0
2003,Alaska Airlines Inc.,weather_delay,20543.0,0.0106
2003,Alaska Airlines Inc.,nas_delay,362811.0,0.1875
2003,Alaska Airlines Inc.,late_aircraft_delay,442969.0,0.2289
2003,America West Airlines Inc.,arr_delay,835716.0,0.5
2003,America West Airlines Inc.,carrier_delay,297947.0,0.1783
2003,America West Airlines Inc.,security_delay,7250.0,0.0043
2003,America West Airlines Inc.,weather_delay,15325.0,0.0092
2003,America West Airlines Inc.,nas_delay,141174.0,0.0845
2003,America West Airlines Inc.,late_aircraft_delay,374020.0,0.2238
2003,American Airlines Inc.,arr_delay,812173.0,0.5
2003,American Airlines Inc.,carrier_delay,363277.0,0.2236
2003,American Airlines Inc.,security_delay,5463.0,0.0034
2003,American Airlines Inc.,weather_delay,18469.0,0.0114
2003,American Airlines Inc.,nas_delay,244865.0,0.1507
2003,American Airlines Inc.,late_aircraft_delay,180099.0,0.1109
2003,American Eagle Airlines Inc.,arr_delay,4468115.0,0.5
2003,American Eagle Airlines Inc.,carrier_delay,1231056.0,0.1378
2003,American Eagle Airlines Inc.,security_delay,8579.0,0.001
2003,American Eagle Airlines Inc.,weather_delay,363125.0,0.0406
2003,American Eagle Airlines Inc.,nas_delay,1734481.0,0.1941
2003,American Eagle Airlines Inc.,late_aircraft_delay,1130874.0,0.1265
2003,Atlantic Coast Airlines,arr_delay,2549287.0,0.5
2003,Atlantic Coast Airlines,carrier_delay,662700.0,0.13
2003,Atlantic Coast Airlines,security_delay,1980.0,0.0004
2003,Atlantic Coast Airlines,weather_delay,121347.0,0.0238
2003,Atlantic Coast Airlines,nas_delay,793870.0,0.1557
2003,Atlantic Coast Airlines,late_aircraft_delay,969390.0,0.1901
2003,Atlantic Southeast Airlines,arr_delay,1850533.0,0.5
2003,Atlantic Southeast Airlines,carrier_delay,579125.0,0.1565
2003,Atlantic Southeast Airlines,security_delay,1945.0,0.0005
2003,Atlantic Southeast Airlines,weather_delay,206718.0,0.0559
2003,Atlantic Southeast Airlines,nas_delay,664484.0,0.1795
2003,Atlantic Southeast Airlines,late_aircraft_delay,398261.0,0.1076
2003,Continental Air Lines Inc.,arr_delay,1608084.0,0.5
2003,Continental Air Lines Inc.,carrier_delay,573965.0,0.1785
2003,Continental Air Lines Inc.,security_delay,2545.0,0.0008
2003,Continental Air Lines Inc.,weather_delay,187657.0,0.0583
2003,Continental Air Lines Inc.,nas_delay,505025.0,0.157
2003,Continental Air Lines Inc.,late_aircraft_delay,338892.0,0.1054
2003,Delta Air Lines Inc.,arr_delay,1777001.0,0.5
2003,Delta Air Lines Inc.,carrier_delay,290376.0,0.0817
2003,Delta Air Lines Inc.,security_delay,3640.0,0.001
2003,Delta Air Lines Inc.,weather_delay,85693.0,0.0241
2003,Delta Air Lines Inc.,nas_delay,992421.0,0.2792
2003,Delta Air Lines Inc.,late_aircraft_delay,404871.0,0.1139
2003,ExpressJet Airlines Inc.,arr_delay,3036192.0,0.5
2003,ExpressJet Airlines Inc.,carrier_delay,816642.0,0.1345
2003,ExpressJet Airlines Inc.,security_delay,3848.0,0.0006
2003,ExpressJet Airlines Inc.,weather_delay,93250.0,0.0154
2003,ExpressJet Airlines Inc.,nas_delay,1405717.0,0.2315
2003,ExpressJet Airlines Inc.,late_aircraft_delay,716735.0,0.118
2003,Hawaiian Airlines Inc.,arr_delay,1932986.0,0.5
2003,Hawaiian Airlines Inc.,carrier_delay,311559.0,0.0806
2003,Hawaiian Airlines Inc.,security_delay,2898.0,0.0007
2003,Hawaiian Airlines Inc.,weather_delay,114400.0,0.0296
2003,Hawaiian Airlines Inc.,nas_delay,984544.0,0.2547
2003,Hawaiian Airlines Inc.,late_aircraft_delay,519585.0,0.1344
2003,JetBlue Airways,arr_delay,21653.0,0.5
2003,JetBlue Airways,carrier_delay,15755.0,0.3638
2003,JetBlue Airways,security_delay,124.0,0.0029
2003,JetBlue Airways,weather_delay,151.0,0.0035
2003,JetBlue Airways,nas_delay,920.0,0.0212
2003,JetBlue Airways,late_aircraft_delay,4703.0,0.1086
2003,Northwest Airlines Inc.,arr_delay,288154.0,0.5
2003,Northwest Airlines Inc.,carrier_delay,93012.0,0.1614
2003,Northwest Airlines Inc.,security_delay,4267.0,0.0074
2003,Northwest Airlines Inc.,weather_delay,13430.0,0.0233
2003,Northwest Airlines Inc.,nas_delay,87352.0,0.1516
2003,Northwest Airlines Inc.,late_aircraft_delay,90093.0,0.1563
2003,SkyWest Airlines Inc.,arr_delay,2074682.0,0.5
2003,SkyWest Airlines Inc.,carrier_delay,823931.0,0.1986
2003,SkyWest Airlines Inc.,security_delay,4309.0,0.001
2003,SkyWest Airlines Inc.,weather_delay,181418.0,0.0437
2003,SkyWest Airlines Inc.,nas_delay,756206.0,0.1822
2003,SkyWest Airlines Inc.,late_aircraft_delay,308818.0,0.0744
2003,Southwest Airlines Co.,arr_delay,1302903.0,0.5
2003,Southwest Airlines Co.,carrier_delay,579420.0,0.2224
2003,Southwest Airlines Co.,security_delay,13536.0,0.0052
2003,Southwest Airlines Co.,weather_delay,204140.0,0.0783
2003,Southwest Airlines Co.,nas_delay,302861.0,0.1162
2003,Southwest Airlines Co.,late_aircraft_delay,202946.0,0.0779
2003,US Airways Inc.,arr_delay,3301791.0,0.5
2003,US Airways Inc.,carrier_delay,655727.0,0.0993
2003,US Airways Inc.,security_delay,12693.0,0.0019
2003,US Airways Inc.,weather_delay,159065.0,0.0241
2003,US Airways Inc.,nas_delay,539329.0,0.0817
2003,US Airways Inc.,late_aircraft_delay,1934977.0,0.293
2003,United Air Lines Inc.,arr_delay,2127654.0,0.5
2003,United Air Lines Inc.,carrier_delay,400612.0,0.0941
2003,United Air Lines Inc.,security_delay,0.0,0.0
2003,United Air Lines Inc.,weather_delay,81538.0,0.0192
2003,United Air Lines Inc.,nas_delay,817898.0,0.1922
2003,United Air Lines Inc.,late_aircraft_delay,827606.0,0.1945
2004,ATA Airlines d/b/a ATA,arr_delay,3104492.0,0.5
2004,ATA Airlines d/b/a ATA,carrier_delay,634765.0,0.1022
2004,ATA Airlines d/b/a ATA,security_delay,3020.0,0.0005
2004,ATA Airlines d/b/a ATA,weather_delay,109946.0,0.0177
2004,ATA Airlines d/b/a ATA,nas_delay,1331209.0,0.2144
2004,ATA Airlines d/b/a ATA,late_aircraft_delay,1025552.0,0.1652
2004,AirTran Airways Corporation,arr_delay,862121.0,0.5
2004,AirTran Airways Corporation,carrier_delay,159096.0,0.0923
2004,AirTran Airways Corporation,security_delay,6056.0,0.0035
2004,AirTran Airways Corporation,weather_delay,10433.0,0.0061
2004,AirTran Airways Corporation,nas_delay,377555.0,0.219
2004,AirTran Airways Corporation,late_aircraft_delay,308981.0,0.1792
2004,Alaska Airlines Inc.,arr_delay,1956512.0,0.5
2004,Alaska Airlines Inc.,carrier_delay,257693.0,0.0659
2004,Alaska Airlines Inc.,security_delay,0.0,0.0
2004,Alaska Airlines Inc.,weather_delay,16916.0,0.0043
2004,Alaska Airlines Inc.,nas_delay,769909.0,0.1968
2004,Alaska Airlines Inc.,late_aircraft_delay,911994.0,0.2331
2004,America West Airlines Inc.,arr_delay,1770599.0,0.5
2004,America West Airlines Inc.,carrier_delay,663705.0,0.1874
2004,America West Airlines Inc.,security_delay,14491.0,0.0041
2004,America West Airlines Inc.,weather_delay,30971.0,0.0087
2004,America West Airlines Inc.,nas_delay,259402.0,0.0733
2004,America West Airlines Inc.,late_aircraft_delay,802030.0,0.2265
2004,American Airlines Inc.,arr_delay,1939349.0,0.5
2004,American Airlines Inc.,carrier_delay,733564.0,0.1891
2004,American Airlines Inc.,security_delay,12370.0,0.0032
2004,American Airlines Inc.,weather_delay,31098.0,0.008
2004,American Airlines Inc.,nas_delay,631575.0,0.1628
2004,American Airlines Inc.,late_aircraft_delay,530742.0,0.1368
2004,American Eagle Airlines Inc.,arr_delay,8784139.0,0.5
2004,American Eagle Airlines Inc.,carrier_delay,2100824.0,0.1196
2004,American Eagle Airlines Inc.,security_delay,21305.0,0.0012
2004,American Eagle Airlines Inc.,weather_delay,779301.0,0.0444
2004,American Eagle Airlines Inc.,nas_delay,3109739.0,0.177
2004,American Eagle Airlines Inc.,late_aircraft_delay,2772970.0,0.1578
2004,Atlantic Coast Airlines,arr_delay,6069565.0,0.5
2004,Atlantic Coast Airlines,carrier_delay,1505972.0,0.1241
2004,Atlantic Coast Airlines,security_delay,4465.0,0.0004
2004,Atlantic Coast Airlines,weather_delay,315903.0,0.026
2004,Atlantic Coast Airlines,nas_delay,1840242.0,0.1516
2004,Atlantic Coast Airlines,late_aircraft_delay,2402983.0,0.198
2004,Atlantic Southeast Airlines,arr_delay,3050065.0,0.5
2004,Atlantic Southeast Airlines,carrier_delay,483823.0,0.0793
2004,Atlantic Southeast Airlines,security_delay,1211.0,0.0002
2004,Atlantic Southeast Airlines,weather_delay,110219.0,0.0181
2004,Atlantic Southeast Airlines,nas_delay,852702.0,0.1398
2004,Atlantic Southeast Airlines,late_aircraft_delay,1602110.0,0.2626
2004,Comair Inc.,arr_delay,2962291.0,0.5
2004,Comair Inc.,carrier_delay,954273.0,0.1611
2004,Comair Inc.,security_delay,6090.0,0.001
2004,Comair Inc.,weather_delay,648721.0,0.1095
2004,Comair Inc.,nas_delay,1072371.0,0.181
2004,Comair Inc.,late_aircraft_delay,280836.0,0.0474
2004,Continental Air Lines Inc.,arr_delay,3598014.0,0.5
2004,Continental Air Lines Inc.,carrier_delay,1522511.0,0.2116
2004,Continental Air Lines Inc.,security_delay,4207.0,0.0006
2004,Continental Air Lines Inc.,weather_delay,1141796.0,0.1587
2004,Continental Air Lines Inc.,nas_delay,853931.0,0.1187
2004,Continental Air Lines Inc.,late_aircraft_delay,75569.0,0.0105
2004,Delta Air Lines Inc.,arr_delay,3280465.0,0.5
2004,Delta Air Lines Inc.,carrier_delay,594016.0,0.0905
2004,Delta Air Lines Inc.,security_delay,14526.0,0.0022
2004,Delta Air Lines Inc.,weather_delay,161963.0,0.0247
2004,Delta Air Lines Inc.,nas_delay,1759975.0,0.2683
2004,Delta Air Lines Inc.,late_aircraft_delay,749985.0,0.1143
2004,ExpressJet Airlines Inc.,arr_delay,7159306.0,0.5
2004,ExpressJet Airlines Inc.,carrier_delay,1872757.0,0.1308
2004,ExpressJet Airlines Inc.,security_delay,8486.0,0.0006
2004,ExpressJet Airlines Inc.,weather_delay,215274.0,0.015
2004,ExpressJet Airlines Inc.,nas_delay,3046987.0,0.2128
2004,ExpressJet Airlines Inc.,late_aircraft_delay,2015802.0,0.1408
2004,Hawaiian Airlines Inc.,arr_delay,4164024.0,0.5
2004,Hawaiian Airlines Inc.,carrier_delay,684260.0,0.0822
2004,Hawaiian Airlines Inc.,security_delay,8765.0,0.0011
2004,Hawaiian Airlines Inc.,weather_delay,217338.0,0.0261
2004,Hawaiian Airlines Inc.,nas_delay,1987979.0,0.2387
2004,Hawaiian Airlines Inc.,late_aircraft_delay,1265682.0,0.152
2004,Independence Air,arr_delay,126084.0,0.5
2004,Independence Air,carrier_delay,81433.0,0.3229
2004,Independence Air,security_delay,1560.0,0.0062
2004,Independence Air,weather_delay,2334.0,0.0093
2004,Independence Air,nas_delay,3596.0,0.0143
2004,Independence Air,late_aircraft_delay,37161.0,0.1474
2004,JetBlue Airways,arr_delay,649844.0,0.5
2004,JetBlue Airways,carrier_delay,73435.0,0.0565
2004,JetBlue Airways,security_delay,1140.0,0.0009
2004,JetBlue Airways,weather_delay,6733.0,0.0052
2004,JetBlue Airways,nas_delay,129384.0,0.0996
2004,JetBlue Airways,late_aircraft_delay,439152.0,0.3379
2004,Northwest Airlines Inc.,arr_delay,686292.0,0.5
2004,Northwest Airlines Inc.,carrier_delay,154210.0,0.1124
2004,Northwest Airlines Inc.,security_delay,10773.0,0.0078
2004,Northwest Airlines Inc.,weather_delay,23151.0,0.0169
2004,Northwest Airlines Inc.,nas_delay,235533.0,0.1716
2004,Northwest Airlines Inc.,late_aircraft_delay,262625.0,0.1913
2004,SkyWest Airlines Inc.,arr_delay,4446344.0,0.5
2004,SkyWest Airlines Inc.,carrier_delay,1730413.0,0.1946
2004,SkyWest Airlines Inc.,security_delay,10878.0,0.0012
2004,SkyWest Airlines Inc.,weather_delay,388990.0,0.0437
2004,SkyWest Airlines Inc.,nas_delay,1570359.0,0.1766
2004,SkyWest Airlines Inc.,late_aircraft_delay,745704.0,0.0839
2004,Southwest Airlines Co.,arr_delay,3316913.0,0.5
2004,Southwest Airlines Co.,carrier_delay,1436896.0,0.2166
2004,Southwest Airlines Co.,security_delay,16002.0,0.0024
2004,Southwest Airlines Co.,weather_delay,348384.0,0.0525
2004,Southwest Airlines Co.,nas_delay,853762.0,0.1287
2004,Southwest Airlines Co.,late_aircraft_delay,661869.0,0.0998
2004,US Airways Inc.,arr_delay,8283068.0,0.5
2004,US Airways Inc.,carrier_delay,1607202.0,0.097
2004,US Airways Inc.,security_delay,29781.0,0.0018
2004,US Airways Inc.,weather_delay,315358.0,0.019
2004,US Airways Inc.,nas_delay,1260739.0,0.0761
2004,US Airways Inc.,late_aircraft_delay,5069988.0,0.306
2004,United Air Lines Inc.,arr_delay,3993825.0,0.5
2004,United Air Lines Inc.,carrier_delay,918228.0,0.115
2004,United Air Lines Inc.,security_delay,0.0,0.0
2004,United Air Lines Inc.,weather_delay,134736.0,0.0169
2004,United Air Lines Inc.,nas_delay,1370693.0,0.1716
2004,United Air Lines Inc.,late_aircraft_delay,1570168.0,0.1966
2005,ATA Airlines d/b/a ATA,arr_delay,5989292.0,0.5
2005,ATA Airlines d/b/a ATA,carrier_delay,1298340.0,0.1084
2005,ATA Airlines d/b/a ATA,security_delay,7113.0,0.0006
2005,ATA Airlines d/b/a ATA,weather_delay,137792.0,0.0115
2005,ATA Airlines d/b/a ATA,nas_delay,2486490.0,0.2076
2005,ATA Airlines d/b/a ATA,late_aircraft_delay,2059557.0,0.1719
2005,AirTran Airways Corporation,arr_delay,529528.0,0.5
2005,AirTran Airways Corporation,carrier_delay,94657.0,0.0894
2005,AirTran Airways Corporation,security_delay,1579.0,0.0015
2005,AirTran Airways Corporation,weather_delay,6358.0,0.006
2005,AirTran Airways Corporation,nas_delay,243746.0,0.2302
2005,AirTran Airways Corporation,late_aircraft_delay,183188.0,0.173
2005,Alaska Airlines Inc.,arr_delay,3329196.0,0.5
2005,Alaska Airlines Inc.,carrier_delay,452446.0,0.068
2005,Alaska Airlines Inc.,security_delay,0.0,0.0
2005,Alaska Airlines Inc.,weather_delay,28958.0,0.0043
2005,Alaska Airlines Inc.,nas_delay,1160215.0,0.1742
2005,Alaska Airlines Inc.,late_aircraft_delay,1687577.0,0.2535
2005,America West Airlines Inc.,arr_delay,2372745.0,0.5
2005,America West Airlines Inc.,carrier_delay,988046.0,0.2082
2005,America West Airlines Inc.,security_delay,13078.0,0.0028
2005,America West Airlines Inc.,weather_delay,30337.0,0.0064
2005,America West Airlines Inc.,nas_delay,325258.0,0.0685
2005,America West Airlines Inc.,late_aircraft_delay,1016026.0,0.2141
2005,American Airlines Inc.,arr_delay,1538798.0,0.5
2005,American Airlines Inc.,carrier_delay,602900.0,0.1959
2005,American Airlines Inc.,security_delay,6450.0,0.0021
2005,American Airlines Inc.,weather_delay,23952.0,0.0078
2005,American Airlines Inc.,nas_delay,448924.0,0.1459
2005,American Airlines Inc.,late_aircraft_delay,456572.0,0.1484
2005,American Eagle Airlines Inc.,arr_delay,8121218.0,0.5
2005,American Eagle Airlines Inc.,carrier_delay,2087047.0,0.1285
2005,American Eagle Airlines Inc.,security_delay,9103.0,0.0006
2005,American Eagle Airlines Inc.,weather_delay,592806.0,0.0365
2005,American Eagle Airlines Inc.,nas_delay,2723802.0,0.1677
2005,American Eagle Airlines Inc.,late_aircraft_delay,2708460.0,0.1668
2005,Atlantic Southeast Airlines,arr_delay,5807785.0,0.5
2005,Atlantic Southeast Airlines,carrier_delay,1520167.0,0.1309
2005,Atlantic Southeast Airlines,security_delay,3117.0,0.0003
2005,Atlantic Southeast Airlines,weather_delay,317346.0,0.0273
2005,Atlantic Southeast Airlines,nas_delay,1727863.0,0.1488
2005,Atlantic Southeast Airlines,late_aircraft_delay,2239292.0,0.1928
2005,Comair Inc.,arr_delay,4137673.0,0.5
2005,Comair Inc.,carrier_delay,1597264.0,0.193
2005,Comair Inc.,security_delay,3824.0,0.0005
2005,Comair Inc.,weather_delay,793719.0,0.0959
2005,Comair Inc.,nas_delay,1303277.0,0.1575
2005,Comair Inc.,late_aircraft_delay,439589.0,0.0531
2005,Continental Air Lines Inc.,arr_delay,3182665.0,0.5
2005,Continental Air Lines Inc.,carrier_delay,1321910.0,0.2077
2005,Continental Air Lines Inc.,security_delay,13961.0,0.0022
2005,Continental Air Lines Inc.,weather_delay,831658.0,0.1307
2005,Continental Air Lines Inc.,nas_delay,943286.0,0.1482
2005,Continental Air Lines Inc.,late_aircraft_delay,71850.0,0.0113
2005,Delta Air Lines Inc.,arr_delay,3568630.0,0.5
2005,Delta Air Lines Inc.,carrier_delay,698809.0,0.0979
2005,Delta Air Lines Inc.,security_delay,16514.0,0.0023
2005,Delta Air Lines Inc.,weather_delay,181051.0,0.0254
2005,Delta Air Lines Inc.,nas_delay,1797607.0,0.2519
2005,Delta Air Lines Inc.,late_aircraft_delay,874649.0,0.1225
2005,ExpressJet Airlines Inc.,arr_delay,7145629.0,0.5
2005,ExpressJet Airlines Inc.,carrier_delay,1870275.0,0.1309
2005,ExpressJet Airlines Inc.,security_delay,5791.0,0.0004
2005,ExpressJet Airlines Inc.,weather_delay,179910.0,0.0126
2005,ExpressJet Airlines Inc.,nas_delay,2859263.0,0.2001
2005,ExpressJet Airlines Inc.,late_aircraft_delay,2230390.0,0.1561
2005,Frontier Airlines Inc.,arr_delay,4911449.0,0.5
2005,Frontier Airlines Inc.,carrier_delay,806798.0,0.0821
2005,Frontier Airlines Inc.,security_delay,10403.0,0.0011
2005,Frontier Airlines Inc.,weather_delay,240444.0,0.0245
2005,Frontier Airlines Inc.,nas_delay,2182003.0,0.2221
2005,Frontier Airlines Inc.,late_aircraft_delay,1671801.0,0.1702
2005,Hawaiian Airlines Inc.,arr_delay,391991.0,0.5
2005,Hawaiian Airlines Inc.,carrier_delay,121534.0,0.155
2005,Hawaiian Airlines Inc.,security_delay,320.0,0.0004
2005,Hawaiian Airlines Inc.,weather_delay,19190.0,0.0245
2005,Hawaiian Airlines Inc.,nas_delay,112801.0,0.1439
2005,Hawaiian Airlines Inc.,late_aircraft_delay,138146.0,0.1762
2005,Independence Air,arr_delay,101610.0,0.5
2005,Independence Air,carrier_delay,70008.0,0.3445
2005,Independence Air,security_delay,522.0,0.0026
2005,Independence Air,weather_delay,1876.0,0.0092
2005,Independence Air,nas_delay,5073.0,0.025
2005,Independence Air,late_aircraft_delay,24131.0,0.1187
2005,JetBlue Airways,arr_delay,1486499.0,0.5
2005,JetBlue Airways,carrier_delay,231155.0,0.0778
2005,JetBlue Airways,security_delay,3004.0,0.001
2005,JetBlue Airways,weather_delay,27463.0,0.0092
2005,JetBlue Airways,nas_delay,480433.0,0.1616
2005,JetBlue Airways,late_aircraft_delay,744444.0,0.2504
2005,Northwest Airlines Inc.,arr_delay,1583245.0,0.5
2005,Northwest Airlines Inc.,carrier_delay,280433.0,0.0886
2005,Northwest Airlines Inc.,security_delay,8507.0,0.0027
2005,Northwest Airlines Inc.,weather_delay,42443.0,0.0134
2005,Northwest Airlines Inc.,nas_delay,569333.0,0.1798
2005,Northwest Airlines Inc.,late_aircraft_delay,682529.0,0.2155
2005,SkyWest Airlines Inc.,arr_delay,5587738.0,0.5
2005,SkyWest Airlines Inc.,carrier_delay,2383603.0,0.2133
2005,SkyWest Airlines Inc.,security_delay,8176.0,0.0007
2005,SkyWest Airlines Inc.,weather_delay,491369.0,0.044
2005,SkyWest Airlines Inc.,nas_delay,1592895.0,0.1425
2005,SkyWest Airlines Inc.,late_aircraft_delay,1111695.0,0.0995
2005,Southwest Airlines Co.,arr_delay,3912030.0,0.5
2005,Southwest Airlines Co.,carrier_delay,1927728.0,0.2464
2005,Southwest Airlines Co.,security_delay,9930.0,0.0013
2005,Southwest Airlines Co.,weather_delay,291688.0,0.0373
2005,Southwest Airlines Co.,nas_delay,900911.0,0.1151
2005,Southwest Airlines Co.,late_aircraft_delay,781773.0,0.0999
2005,US Airways Inc.,arr_delay,8310908.0,0.5
2005,US Airways Inc.,carrier_delay,1701818.0,0.1024
2005,US Airways Inc.,security_delay,26165.0,0.0016
2005,US Airways Inc.,weather_delay,311257.0,0.0187
2005,US Airways Inc.,nas_delay,1275692.0,0.0767
2005,US Airways Inc.,late_aircraft_delay,4995976.0,0.3006
2005,United Air Lines Inc.,arr_delay,4615592.0,0.5
2005,United Air Lines Inc.,carrier_delay,1110262.0,0.1203
2005,United Air Lines Inc.,security_delay,0.0,0.0
2005,United Air Lines Inc.,weather_delay,158408.0,0.0172
2005,United Air Lines Inc.,nas_delay,1530823.0,0.1658
2005,United Air Lines Inc.,late_aircraft_delay,1816099.0,0.1967
2006,ATA Airlines d/b/a ATA,arr_delay,5864157.0,0.5
2006,ATA Airlines d/b/a ATA,carrier_delay,1574779.0,0.1343
2006,ATA Airlines d/b/a ATA,security_delay,601.0,0.0001
2006,ATA Airlines d/b/a ATA,weather_delay,143557.0,0.0122
2006,ATA Airlines d/b/a ATA,nas_delay,1862068.0,0.1588
2006,ATA Airlines d/b/a ATA,late_aircraft_delay,2283152.0,0.1947
2006,AirTran Airways Corporation,arr_delay,491389.0,0.5
2006,AirTran Airways Corporation,carrier_delay,82000.0,0.0834
2006,AirTran Airways Corporation,security_delay,1251.0,0.0013
2006,AirTran Airways Corporation,weather_delay,1946.0,0.002
2006,AirTran Airways Corporation,nas_delay,203866.0,0.2074
2006,AirTran Airways Corporation,late_aircraft_delay,202326.0,0.2059
2006,Alaska Airlines Inc.,arr_delay,3118539.0,0.5
2006,Alaska Airlines Inc.,carrier_delay,421813.0,0.0676
2006,Alaska Airlines Inc.,security_delay,0.0,0.0
2006,Alaska Airlines Inc.,weather_delay,19808.0,0.0032
2006,Alaska Airlines Inc.,nas_delay,1014415.0,0.1626
2006,Alaska Airlines Inc.,late_aircraft_delay,1662503.0,0.2666
2006,Aloha Airlines Inc.,arr_delay,1984369.0,0.5
2006,Aloha Airlines Inc.,carrier_delay,662092.0,0.1668
2006,Aloha Airlines Inc.,security_delay,13024.0,0.0033
2006,Aloha Airlines Inc.,weather_delay,36075.0,0.0091
2006,Aloha Airlines Inc.,nas_delay,404566.0,0.1019
2006,Aloha Airlines Inc.,late_aircraft_delay,868612.0,0.2189
2006,American Airlines Inc.,arr_delay,104528.0,0.5
2006,American Airlines Inc.,carrier_delay,57622.0,0.2756
2006,American Airlines Inc.,security_delay,740.0,0.0035
2006,American Airlines Inc.,weather_delay,1237.0,0.0059
2006,American Airlines Inc.,nas_delay,9692.0,0.0464
2006,American Airlines Inc.,late_aircraft_delay,35237.0,0.1686
2006,American Eagle Airlines Inc.,arr_delay,8570867.0,0.5
2006,American Eagle Airlines Inc.,carrier_delay,2169511.0,0.1266
2006,American Eagle Airlines Inc.,security_delay,19358.0,0.0011
2006,American Eagle Airlines Inc.,weather_delay,496450.0,0.029
2006,American Eagle Airlines Inc.,nas_delay,2822366.0,0.1646
2006,American Eagle Airlines Inc.,late_aircraft_delay,3063182.0,0.1787
2006,Atlantic Southeast Airlines,arr_delay,7628252.0,0.5
2006,Atlantic Southeast Airlines,carrier_delay,1841174.0,0.1207
2006,Atlantic Southeast Airlines,security_delay,4091.0,0.0003
2006,Atlantic Southeast Airlines,weather_delay,373847.0,0.0245
2006,Atlantic Southeast Airlines,nas_delay,2115815.0,0.1387
2006,Atlantic Southeast Airlines,late_aircraft_delay,3293325.0,0.2159
2006,Comair Inc.,arr_delay,4711058.0,0.5
2006,Comair Inc.,carrier_delay,1947737.0,0.2067
2006,Comair Inc.,security_delay,11277.0,0.0012
2006,Comair Inc.,weather_delay,811310.0,0.0861
2006,Comair Inc.,nas_delay,1411376.0,0.1498
2006,Comair Inc.,late_aircraft_delay,529358.0,0.0562
2006,Continental Air Lines Inc.,arr_delay,3435209.0,0.5
2006,Continental Air Lines Inc.,carrier_delay,1401064.0,0.2039
2006,Continental Air Lines Inc.,security_delay,3823.0,0.0006
2006,Continental Air Lines Inc.,weather_delay,707776.0,0.103
2006,Continental Air Lines Inc.,nas_delay,1159047.0,0.1687
2006,Continental Air Lines Inc.,late_aircraft_delay,163499.0,0.0238
2006,Delta Air Lines Inc.,arr_delay,4563412.0,0.5
2006,Delta Air Lines Inc.,carrier_delay,878938.0,0.0963
2006,Delta Air Lines Inc.,security_delay,24030.0,0.0026
2006,Delta Air Lines Inc.,weather_delay,206608.0,0.0226
2006,Delta Air Lines Inc.,nas_delay,2106862.0,0.2308
2006,Delta Air Lines Inc.,late_aircraft_delay,1346974.0,0.1476
2006,ExpressJet Airlines Inc.,arr_delay,5464674.0,0.5
2006,ExpressJet Airlines Inc.,carrier_delay,1559673.0,0.1427
2006,ExpressJet Airlines Inc.,security_delay,12549.0,0.0011
2006,ExpressJet Airlines Inc.,weather_delay,145416.0,0.0133
2006,ExpressJet Airlines Inc.,nas_delay,1995771.0,0.1826
2006,ExpressJet Airlines Inc.,late_aircraft_delay,1751265.0,0.1602
2006,Frontier Airlines Inc.,arr_delay,6415068.0,0.5
2006,Frontier Airlines Inc.,carrier_delay,1104928.0,0.0861
2006,Frontier Airlines Inc.,security_delay,31415.0,0.0024
2006,Frontier Airlines Inc.,weather_delay,361696.0,0.0282
2006,Frontier Airlines Inc.,nas_delay,2566937.0,0.2001
2006,Frontier Airlines Inc.,late_aircraft_delay,2350092.0,0.1832
2006,Hawaiian Airlines Inc.,arr_delay,657982.0,0.5
2006,Hawaiian Airlines Inc.,carrier_delay,186274.0,0.1415
2006,Hawaiian Airlines Inc.,security_delay,1093.0,0.0008
2006,Hawaiian Airlines Inc.,weather_delay,29043.0,0.0221
2006,Hawaiian Airlines Inc.,nas_delay,294396.0,0.2237
2006,Hawaiian Airlines Inc.,late_aircraft_delay,147176.0,0.1118
2006,JetBlue Airways,arr_delay,158593.0,0.5
2006,JetBlue Airways,carrier_delay,110798.0,0.3493
2006,JetBlue Airways,security_delay,1117.0,0.0035
2006,JetBlue Airways,weather_delay,1309.0,0.0041
2006,JetBlue Airways,nas_delay,2435.0,0.0077
2006,JetBlue Airways,late_aircraft_delay,42934.0,0.1354
2006,Mesa Airlines Inc.,arr_delay,2435201.0,0.5
2006,Mesa Airlines Inc.,carrier_delay,399819.0,0.0821
2006,Mesa Airlines Inc.,security_delay,7617.0,0.0016
2006,Mesa Airlines Inc.,weather_delay,88482.0,0.0182
2006,Mesa Airlines Inc.,nas_delay,941852.0,0.1934
2006,Mesa Airlines Inc.,late_aircraft_delay,997431.0,0.2048
2006,Northwest Airlines Inc.,arr_delay,4749188.0,0.5
2006,Northwest Airlines Inc.,carrier_delay,1814570.0,0.191
2006,Northwest Airlines Inc.,security_delay,8161.0,0.0009
2006,Northwest Airlines Inc.,weather_delay,155525.0,0.0164
2006,Northwest Airlines Inc.,nas_delay,641890.0,0.0676
2006,Northwest Airlines Inc.,late_aircraft_delay,2129042.0,0.2241
2006,SkyWest Airlines Inc.,arr_delay,4761702.0,0.5
2006,SkyWest Airlines Inc.,carrier_delay,1974676.0,0.2073
2006,SkyWest Airlines Inc.,security_delay,12959.0,0.0014
2006,SkyWest Airlines Inc.,weather_delay,431718.0,0.0453
2006,SkyWest Airlines Inc.,nas_delay,1386564.0,0.1456
2006,SkyWest Airlines Inc.,late_aircraft_delay,955785.0,0.1004
2006,Southwest Airlines Co.,arr_delay,6066052.0,0.5
2006,Southwest Airlines Co.,carrier_delay,2584410.0,0.213
2006,Southwest Airlines Co.,security_delay,17868.0,0.0015
2006,Southwest Airlines Co.,weather_delay,261979.0,0.0216
2006,Southwest Airlines Co.,nas_delay,1164041.0,0.0959
2006,Southwest Airlines Co.,late_aircraft_delay,2037754.0,0.168
2006,US Airways Inc.,arr_delay,9506851.0,0.5
2006,US Airways Inc.,carrier_delay,2000325.0,0.1052
2006,US Airways Inc.,security_delay,40349.0,0.0021
2006,US Airways Inc.,weather_delay,394194.0,0.0207
2006,US Airways Inc.,nas_delay,1381667.0,0.0727
2006,US Airways Inc.,late_aircraft_delay,5690316.0,0.2993
2006,United Air Lines Inc.,arr_delay,5142729.0,0.5
2006,United Air Lines Inc.,carrier_delay,1407513.0,0.1368
2006,United Air Lines Inc.,security_delay,10006.0,0.001
2006,United Air Lines Inc.,weather_delay,158473.0,0.0154
2006,United Air Lines Inc.,nas_delay,1781322.0,0.1732
2006,United Air Lines Inc.,late_aircraft_delay,1785415.0,0.1736
2007,AirTran Airways Corporation,arr_delay,7288827.0,0.5
2007,AirTran Airways Corporation,carrier_delay,1660893.0,0.1139
2007,AirTran Airways Corporation,security_delay,643.0,0.0
2007,AirTran Airways Corporation,weather_delay,171640.0,0.0118
2007,AirTran Airways Corporation,nas_delay,2227033.0,0.1528
2007,AirTran Airways Corporation,late_aircraft_delay,3228618.0,0.2215
2007,Alaska Airlines Inc.,arr_delay,3058086.0,0.5
2007,Alaska Airlines Inc.,carrier_delay,491890.0,0.0804
2007,Alaska Airlines Inc.,security_delay,0.0,0.0
2007,Alaska Airlines Inc.,weather_delay,37077.0,0.0061
2007,Alaska Airlines Inc.,nas_delay,925297.0,0.1513
2007,Alaska Airlines Inc.,late_aircraft_delay,1603822.0,0.2622
2007,Aloha Airlines Inc.,arr_delay,2110424.0,0.5
2007,Aloha Airlines Inc.,carrier_delay,722919.0,0.1713
2007,Aloha Airlines Inc.,security_delay,13471.0,0.0032
2007,Aloha Airlines Inc.,weather_delay,31508.0,0.0075
2007,Aloha Airlines Inc.,nas_delay,407642.0,0.0966
2007,Aloha Airlines Inc.,late_aircraft_delay,934884.0,0.2215
2007,American Airlines Inc.,arr_delay,140591.0,0.5
2007,American Airlines Inc.,carrier_delay,77649.0,0.2762
2007,American Airlines Inc.,security_delay,1027.0,0.0037
2007,American Airlines Inc.,weather_delay,1780.0,0.0063
2007,American Airlines Inc.,nas_delay,6695.0,0.0238
2007,American Airlines Inc.,late_aircraft_delay,53440.0,0.1901
2007,American Eagle Airlines Inc.,arr_delay,10868620.0,0.5
2007,American Eagle Airlines Inc.,carrier_delay,2700104.0,0.1242
2007,American Eagle Airlines Inc.,security_delay,7775.0,0.0004
2007,American Eagle Airlines Inc.,weather_delay,811493.0,0.0373
2007,American Eagle Airlines Inc.,nas_delay,3275024.0,0.1507
2007,American Eagle Airlines Inc.,late_aircraft_delay,4074224.0,0.1874
2007,Atlantic Southeast Airlines,arr_delay,8507779.0,0.5
2007,Atlantic Southeast Airlines,carrier_delay,2007799.0,0.118
2007,Atlantic Southeast Airlines,security_delay,1744.0,0.0001
2007,Atlantic Southeast Airlines,weather_delay,561771.0,0.033
2007,Atlantic Southeast Airlines,nas_delay,2298221.0,0.1351
2007,Atlantic Southeast Airlines,late_aircraft_delay,3638244.0,0.2138
2007,Comair Inc.,arr_delay,5650413.0,0.5
2007,Comair Inc.,carrier_delay,2831640.0,0.2506
2007,Comair Inc.,security_delay,4990.0,0.0004
2007,Comair Inc.,weather_delay,760237.0,0.0673
2007,Comair Inc.,nas_delay,1123742.0,0.0994
2007,Comair Inc.,late_aircraft_delay,929804.0,0.0823
2007,Continental Air Lines Inc.,arr_delay,3683016.0,0.5
2007,Continental Air Lines Inc.,carrier_delay,1411931.0,0.1917
2007,Continental Air Lines Inc.,security_delay,4571.0,0.0006
2007,Continental Air Lines Inc.,weather_delay,821031.0,0.1115
2007,Continental Air Lines Inc.,nas_delay,1213761.0,0.1648
2007,Continental Air Lines Inc.,late_aircraft_delay,231722.0,0.0315
2007,Delta Air Lines Inc.,arr_delay,4796409.0,0.5
2007,Delta Air Lines Inc.,carrier_delay,906307.0,0.0945
2007,Delta Air Lines Inc.,security_delay,16125.0,0.0017
2007,Delta Air Lines Inc.,weather_delay,215107.0,0.0224
2007,Delta Air Lines Inc.,nas_delay,2176286.0,0.2269
2007,Delta Air Lines Inc.,late_aircraft_delay,1482584.0,0.1546
2007,ExpressJet Airlines Inc.,arr_delay,5175646.0,0.5
2007,ExpressJet Airlines Inc.,carrier_delay,1529640.0,0.1478
2007,ExpressJet Airlines Inc.,security_delay,6735.0,0.0007
2007,ExpressJet Airlines Inc.,weather_delay,152439.0,0.0147
2007,ExpressJet Airlines Inc.,nas_delay,1866225.0,0.1803
2007,ExpressJet Airlines Inc.,late_aircraft_delay,1620607.0,0.1566
2007,Frontier Airlines Inc.,arr_delay,6562372.0,0.5
2007,Frontier Airlines Inc.,carrier_delay,1266359.0,0.0965
2007,Frontier Airlines Inc.,security_delay,11498.0,0.0009
2007,Frontier Airlines Inc.,weather_delay,284469.0,0.0217
2007,Frontier Airlines Inc.,nas_delay,2453108.0,0.1869
2007,Frontier Airlines Inc.,late_aircraft_delay,2546938.0,0.1941
2007,Hawaiian Airlines Inc.,arr_delay,948922.0,0.5
2007,Hawaiian Airlines Inc.,carrier_delay,283964.0,0.1496
2007,Hawaiian Airlines Inc.,security_delay,2176.0,0.0011
2007,Hawaiian Airlines Inc.,weather_delay,39698.0,0.0209
2007,Hawaiian Airlines Inc.,nas_delay,405503.0,0.2137
2007,Hawaiian Airlines Inc.,late_aircraft_delay,217581.0,0.1146
2007,JetBlue Airways,arr_delay,179224.0,0.5
2007,JetBlue Airways,carrier_delay,130276.0,0.3634
2007,JetBlue Airways,security_delay,722.0,0.002
2007,JetBlue Airways,weather_delay,1330.0,0.0037
2007,JetBlue Airways,nas_delay,2146.0,0.006
2007,JetBlue Airways,late_aircraft_delay,44750.0,0.1248
2007,Mesa Airlines Inc.,arr_delay,3578994.0,0.5
2007,Mesa Airlines Inc.,carrier_delay,562204.0,0.0785
2007,Mesa Airlines Inc.,security_delay,6002.0,0.0008
2007,Mesa Airlines Inc.,weather_delay,107400.0,0.015
2007,Mesa Airlines Inc.,nas_delay,1432475.0,0.2001
2007,Mesa Airlines Inc.,late_aircraft_delay,1470913.0,0.2055
2007,Northwest Airlines Inc.,arr_delay,4281062.0,0.5
2007,Northwest Airlines Inc.,carrier_delay,1777077.0,0.2076
2007,Northwest Airlines Inc.,security_delay,9247.0,0.0011
2007,Northwest Airlines Inc.,weather_delay,172263.0,0.0201
2007,Northwest Airlines Inc.,nas_delay,684331.0,0.0799
2007,Northwest Airlines Inc.,late_aircraft_delay,1638144.0,0.1913
2007,Pinnacle Airlines Inc.,arr_delay,5847616.0,0.5
2007,Pinnacle Airlines Inc.,carrier_delay,2276701.0,0.1947
2007,Pinnacle Airlines Inc.,security_delay,8769.0,0.0007
2007,Pinnacle Airlines Inc.,weather_delay,316595.0,0.0271
2007,Pinnacle Airlines Inc.,nas_delay,1910923.0,0.1634
2007,Pinnacle Airlines Inc.,late_aircraft_delay,1334628.0,0.1141
2007,SkyWest Airlines Inc.,arr_delay,3115785.0,0.5
2007,SkyWest Airlines Inc.,carrier_delay,1127717.0,0.181
2007,SkyWest Airlines Inc.,security_delay,1919.0,0.0003
2007,SkyWest Airlines Inc.,weather_delay,200747.0,0.0322
2007,SkyWest Airlines Inc.,nas_delay,757000.0,0.1215
2007,SkyWest Airlines Inc.,late_aircraft_delay,1028402.0,0.165
2007,Southwest Airlines Co.,arr_delay,6924097.0,0.5
2007,Southwest Airlines Co.,carrier_delay,2732727.0,0.1973
2007,Southwest Airlines Co.,security_delay,19975.0,0.0014
2007,Southwest Airlines Co.,weather_delay,356741.0,0.0258
2007,Southwest Airlines Co.,nas_delay,1199675.0,0.0866
2007,Southwest Airlines Co.,late_aircraft_delay,2614979.0,0.1888
2007,US Airways Inc.,arr_delay,10464615.0,0.5
2007,US Airways Inc.,carrier_delay,2099306.0,0.1003
2007,US Airways Inc.,security_delay,39371.0,0.0019
2007,US Airways Inc.,weather_delay,469878.0,0.0225
2007,US Airways Inc.,nas_delay,1595310.0,0.0762
2007,US Airways Inc.,late_aircraft_delay,6260750.0,0.2991
2007,United Air Lines Inc.,arr_delay,6951136.0,0.5
2007,United Air Lines Inc.,carrier_delay,2042655.0,0.1469
2007,United Air Lines Inc.,security_delay,19934.0,0.0014
2007,United Air Lines Inc.,weather_delay,167823.0,0.0121
2007,United Air Lines Inc.,nas_delay,2193218.0,0.1578
2007,United Air Lines Inc.,late_aircraft_delay,2527506.0,0.1818
2008,AirTran Airways Corporation,arr_delay,8117532.0,0.5
2008,AirTran Airways Corporation,carrier_delay,1844504.0,0.1136
2008,AirTran Airways Corporation,security_delay,895.0,0.0001
2008,AirTran Airways Corporation,weather_delay,235848.0,0.0145
2008,AirTran Airways Corporation,nas_delay,2289797.0,0.141
2008,AirTran Airways Corporation,late_aircraft_delay,3746488.0,0.2308
2008,Alaska Airlines Inc.,arr_delay,3218050.0,0.5
2008,Alaska Airlines Inc.,carrier_delay,436912.0,0.0679
2008,Alaska Airlines Inc.,security_delay,0.0,0.0
2008,Alaska Airlines Inc.,weather_delay,36325.0,0.0056
2008,Alaska Airlines Inc.,nas_delay,1001842.0,0.1557
2008,Alaska Airlines Inc.,late_aircraft_delay,1742971.0,0.2708
2008,Aloha Airlines Inc.,arr_delay,1510081.0,0.5
2008,Aloha Airlines Inc.,carrier_delay,483060.0,0.1599
2008,Aloha Airlines Inc.,security_delay,7103.0,0.0024
2008,Aloha Airlines Inc.,weather_delay,47403.0,0.0157
2008,Aloha Airlines Inc.,nas_delay,379443.0,0.1256
2008,Aloha Airlines Inc.,late_aircraft_delay,593072.0,0.1964
2008,American Airlines Inc.,arr_delay,16647.0,0.5
2008,American Airlines Inc.,carrier_delay,8514.0,0.2557
2008,American Airlines Inc.,security_delay,89.0,0.0027
2008,American Airlines Inc.,weather_delay,815.0,0.0245
2008,American Airlines Inc.,nas_delay,1658.0,0.0498
2008,American Airlines Inc.,late_aircraft_delay,5571.0,0.1673
2008,American Eagle Airlines Inc.,arr_delay,9568128.0,0.5
2008,American Eagle Airlines Inc.,carrier_delay,2822066.0,0.1475
2008,American Eagle Airlines Inc.,security_delay,6626.0,0.0003
2008,American Eagle Airlines Inc.,weather_delay,418771.0,0.0219
2008,American Eagle Airlines Inc.,nas_delay,2986888.0,0.1561
2008,American Eagle Airlines Inc.,late_aircraft_delay,3333777.0,0.1742
2008,Atlantic Southeast Airlines,arr_delay,6673738.0,0.5
2008,Atlantic Southeast Airlines,carrier_delay,1704481.0,0.1277
2008,Atlantic Southeast Airlines,security_delay,1172.0,0.0001
2008,Atlantic Southeast Airlines,weather_delay,416829.0,0.0312
2008,Atlantic Southeast Airlines,nas_delay,1948308.0,0.146
2008,Atlantic Southeast Airlines,late_aircraft_delay,2602948.0,0.195
2008,Comair Inc.,arr_delay,4038983.0,0.5
2008,Comair Inc.,carrier_delay,1688856.0,0.2091
2008,Comair Inc.,security_delay,3559.0,0.0004
2008,Comair Inc.,weather_delay,565352.0,0.07
2008,Comair Inc.,nas_delay,1128019.0,0.1396
2008,Comair Inc.,late_aircraft_delay,653197.0,0.0809
2008,Continental Air Lines Inc.,arr_delay,3004883.0,0.5
2008,Continental Air Lines Inc.,carrier_delay,1075557.0,0.179
2008,Continental Air Lines Inc.,security_delay,1282.0,0.0002
2008,Continental Air Lines Inc.,weather_delay,672775.0,0.1119
2008,Continental Air Lines Inc.,nas_delay,1091370.0,0.1816
2008,Continental Air Lines Inc.,late_aircraft_delay,163899.0,0.0273
2008,Delta Air Lines Inc.,arr_delay,4379954.0,0.5
2008,Delta Air Lines Inc.,carrier_delay,996229.0,0.1137
2008,Delta Air Lines Inc.,security_delay,11392.0,0.0013
2008,Delta Air Lines Inc.,weather_delay,200276.0,0.0229
2008,Delta Air Lines Inc.,nas_delay,1917907.0,0.2189
2008,Delta Air Lines Inc.,late_aircraft_delay,1254150.0,0.1432
2008,ExpressJet Airlines Inc.,arr_delay,5125081.0,0.5
2008,ExpressJet Airlines Inc.,carrier_delay,1411214.0,0.1377
2008,ExpressJet Airlines Inc.,security_delay,1365.0,0.0001
2008,ExpressJet Airlines Inc.,weather_delay,167157.0,0.0163
2008,ExpressJet Airlines Inc.,nas_delay,1944789.0,0.1897
2008,ExpressJet Airlines Inc.,late_aircraft_delay,1600556.0,0.1561
2008,Frontier Airlines Inc.,arr_delay,5515387.0,0.5
2008,Frontier Airlines Inc.,carrier_delay,1217884.0,0.1104
2008,Frontier Airlines Inc.,security_delay,13173.0,0.0012
2008,Frontier Airlines Inc.,weather_delay,247453.0,0.0224
2008,Frontier Airlines Inc.,nas_delay,2074767.0,0.1881
2008,Frontier Airlines Inc.,late_aircraft_delay,1962110.0,0.1779
2008,Hawaiian Airlines Inc.,arr_delay,821809.0,0.5
2008,Hawaiian Airlines Inc.,carrier_delay,254911.0,0.1551
2008,Hawaiian Airlines Inc.,security_delay,406.0,0.0002
2008,Hawaiian Airlines Inc.,weather_delay,21732.0,0.0132
2008,Hawaiian Airlines Inc.,nas_delay,356304.0,0.2168
2008,Hawaiian Airlines Inc.,late_aircraft_delay,188456.0,0.1147
2008,JetBlue Airways,arr_delay,269671.0,0.5
2008,JetBlue Airways,carrier_delay,181374.0,0.3363
2008,JetBlue Airways,security_delay,188.0,0.0003
2008,JetBlue Airways,weather_delay,4499.0,0.0083
2008,JetBlue Airways,nas_delay,1726.0,0.0032
2008,JetBlue Airways,late_aircraft_delay,81884.0,0.1518
2008,Mesa Airlines Inc.,arr_delay,3339430.0,0.5
2008,Mesa Airlines Inc.,carrier_delay,679465.0,0.1017
2008,Mesa Airlines Inc.,security_delay,2101.0,0.0003
2008,Mesa Airlines Inc.,weather_delay,55251.0,0.0083
2008,Mesa Airlines Inc.,nas_delay,1309098.0,0.196
2008,Mesa Airlines Inc.,late_aircraft_delay,1293515.0,0.1937
2008,Northwest Airlines Inc.,arr_delay,3820774.0,0.5
2008,Northwest Airlines Inc.,carrier_delay,1925504.0,0.252
2008,Northwest Airlines Inc.,security_delay,9122.0,0.0012
2008,Northwest Airlines Inc.,weather_delay,187132.0,0.0245
2008,Northwest Airlines Inc.,nas_delay,873999.0,0.1144
2008,Northwest Airlines Inc.,late_aircraft_delay,825017.0,0.108
2008,Pinnacle Airlines Inc.,arr_delay,3951601.0,0.5
2008,Pinnacle Airlines Inc.,carrier_delay,1478547.0,0.1871
2008,Pinnacle Airlines Inc.,security_delay,4516.0,0.0006
2008,Pinnacle Airlines Inc.,weather_delay,309087.0,0.0391
2008,Pinnacle Airlines Inc.,nas_delay,1301215.0,0.1646
2008,Pinnacle Airlines Inc.,late_aircraft_delay,858236.0,0.1086
2008,SkyWest Airlines Inc.,arr_delay,2627475.0,0.5
2008,SkyWest Airlines Inc.,carrier_delay,908277.0,0.1728
2008,SkyWest Airlines Inc.,security_delay,1553.0,0.0003
2008,SkyWest Airlines Inc.,weather_delay,149296.0,0.0284
2008,SkyWest Airlines Inc.,nas_delay,662567.0,0.1261
2008,SkyWest Airlines Inc.,late_aircraft_delay,905782.0,0.1724
2008,Southwest Airlines Co.,arr_delay,6199371.0,0.5
2008,Southwest Airlines Co.,carrier_delay,1682142.0,0.1357
2008,Southwest Airlines Co.,security_delay,12306.0,0.001
2008,Southwest Airlines Co.,weather_delay,306624.0,0.0247
2008,Southwest Airlines Co.,nas_delay,1831245.0,0.1477
2008,Southwest Airlines Co.,late_aircraft_delay,2367054.0,0.1909
2008,US Airways Inc.,arr_delay,11109919.0,0.5
2008,US Airways Inc.,carrier_delay,2257012.0,0.1016
2008,US Airways Inc.,security_delay,25802.0,0.0012
2008,US Airways Inc.,weather_delay,510319.0,0.023
2008,US Airways Inc.,nas_delay,1717189.0,0.0773
2008,US Airways Inc.,late_aircraft_delay,6599597.0,0.297
2008,United Air Lines Inc.,arr_delay,4168670.0,0.5
2008,United Air Lines Inc.,carrier_delay,1109929.0,0.1331
2008,United Air Lines Inc.,security_delay,10900.0,0.0013
2008,United Air Lines Inc.,weather_delay,101912.0,0.0122
2008,United Air Lines Inc.,nas_delay,1568279.0,0.1881
2008,United Air Lines Inc.,late_aircraft_delay,1377650.0,0.1652
2009,AirTran Airways Corporation,arr_delay,7277682.0,0.5
2009,AirTran Airways Corporation,carrier_delay,1728402.0,0.1187
2009,AirTran Airways Corporation,security_delay,1661.0,0.0001
2009,AirTran Airways Corporation,weather_delay,215093.0,0.0148
2009,AirTran Airways Corporation,nas_delay,2069917.0,0.1422
2009,AirTran Airways Corporation,late_aircraft_delay,3262609.0,0.2242
2009,Alaska Airlines Inc.,arr_delay,3076363.0,0.5
2009,Alaska Airlines Inc.,carrier_delay,494226.0,0.0803
2009,Alaska Airlines Inc.,security_delay,0.0,0.0
2009,Alaska Airlines Inc.,weather_delay,25722.0,0.0042
2009,Alaska Airlines Inc.,nas_delay,925221.0,0.1504
2009,Alaska Airlines Inc.,late_aircraft_delay,1631194.0,0.2651
2009,American Airlines Inc.,arr_delay,1006677.0,0.5
2009,American Airlines Inc.,carrier_delay,319283.0,0.1586
2009,American Airlines Inc.,security_delay,2834.0,0.0014
2009,American Airlines Inc.,weather_delay,43906.0,0.0218
2009,American Airlines Inc.,nas_delay,292276.0,0.1452
2009,American Airlines Inc.,late_aircraft_delay,348378.0,0.173
2009,American Eagle Airlines Inc.,arr_delay,6794745.0,0.5
2009,American Eagle Airlines Inc.,carrier_delay,2282579.0,0.168
2009,American Eagle Airlines Inc.,security_delay,3531.0,0.0003
2009,American Eagle Airlines Inc.,weather_delay,432581.0,0.0318
2009,American Eagle Airlines Inc.,nas_delay,1883986.0,0.1386
2009,American Eagle Airlines Inc.,late_aircraft_delay,2192068.0,0.1613
2009,Atlantic Southeast Airlines,arr_delay,4841955.0,0.5
2009,Atlantic Southeast Airlines,carrier_delay,1333562.0,0.1377
2009,Atlantic Southeast Airlines,security_delay,2894.0,0.0003
2009,Atlantic Southeast Airlines,weather_delay,370992.0,0.0383
2009,Atlantic Southeast Airlines,nas_delay,1283452.0,0.1325
2009,Atlantic Southeast Airlines,late_aircraft_delay,1851055.0,0.1911
2009,Comair Inc.,arr_delay,4639942.0,0.5
2009,Comair Inc.,carrier_delay,1130130.0,0.1218
2009,Comair Inc.,security_delay,1574.0,0.0002
2009,Comair Inc.,weather_delay,195856.0,0.0211
2009,Comair Inc.,nas_delay,1349772.0,0.1455
2009,Comair Inc.,late_aircraft_delay,1962610.0,0.2115
2009,Continental Air Lines Inc.,arr_delay,2357539.0,0.5
2009,Continental Air Lines Inc.,carrier_delay,772041.0,0.1637
2009,Continental Air Lines Inc.,security_delay,1516.0,0.0003
2009,Continental Air Lines Inc.,weather_delay,440320.0,0.0934
2009,Continental Air Lines Inc.,nas_delay,923854.0,0.1959
2009,Continental Air Lines Inc.,late_aircraft_delay,219808.0,0.0466
2009,Delta Air Lines Inc.,arr_delay,2931080.0,0.5
2009,Delta Air Lines Inc.,carrier_delay,704067.0,0.1201
2009,Delta Air Lines Inc.,security_delay,10830.0,0.0018
2009,Delta Air Lines Inc.,weather_delay,146367.0,0.025
2009,Delta Air Lines Inc.,nas_delay,1366754.0,0.2331
2009,Delta Air Lines Inc.,late_aircraft_delay,703062.0,0.1199
2009,ExpressJet Airlines Inc.,arr_delay,4407929.0,0.5
2009,ExpressJet Airlines Inc.,carrier_delay,1190059.0,0.135
2009,ExpressJet Airlines Inc.,security_delay,1310.0,0.0001
2009,ExpressJet Airlines Inc.,weather_delay,154600.0,0.0175
2009,ExpressJet Airlines Inc.,nas_delay,1786822.0,0.2027
2009,ExpressJet Airlines Inc.,late_aircraft_delay,1275138.0,0.1446
2009,Frontier Airlines Inc.,arr_delay,3708431.0,0.5
2009,Frontier Airlines Inc.,carrier_delay,695387.0,0.0938
2009,Frontier Airlines Inc.,security_delay,6091.0,0.0008
2009,Frontier Airlines Inc.,weather_delay,187154.0,0.0252
2009,Frontier Airlines Inc.,nas_delay,1700884.0,0.2293
2009,Frontier Airlines Inc.,late_aircraft_delay,1118915.0,0.1509
2009,Hawaiian Airlines Inc.,arr_delay,865975.0,0.5
2009,Hawaiian Airlines Inc.,carrier_delay,191545.0,0.1106
2009,Hawaiian Airlines Inc.,security_delay,92.0,0.0001
2009,Hawaiian Airlines Inc.,weather_delay,19195.0,0.0111
2009,Hawaiian Airlines Inc.,nas_delay,261836.0,0.1512
2009,Hawaiian Airlines Inc.,late_aircraft_delay,393307.0,0.2271
2009,JetBlue Airways,arr_delay,222490.0,0.5
2009,JetBlue Airways,carrier_delay,175473.0,0.3943
2009,JetBlue Airways,security_delay,382.0,0.0009
2009,JetBlue Airways,weather_delay,1508.0,0.0034
2009,JetBlue Airways,nas_delay,2076.0,0.0047
2009,JetBlue Airways,late_aircraft_delay,43051.0,0.0967
2009,Mesa Airlines Inc.,arr_delay,2536712.0,0.5
2009,Mesa Airlines Inc.,carrier_delay,711479.0,0.1402
2009,Mesa Airlines Inc.,security_delay,2375.0,0.0005
2009,Mesa Airlines Inc.,weather_delay,45342.0,0.0089
2009,Mesa Airlines Inc.,nas_delay,943941.0,0.1861
2009,Mesa Airlines Inc.,late_aircraft_delay,833575.0,0.1643
2009,Northwest Airlines Inc.,arr_delay,2795588.0,0.5
2009,Northwest Airlines Inc.,carrier_delay,1703528.0,0.3047
2009,Northwest Airlines Inc.,security_delay,5058.0,0.0009
2009,Northwest Airlines Inc.,weather_delay,209531.0,0.0375
2009,Northwest Airlines Inc.,nas_delay,767300.0,0.1372
2009,Northwest Airlines Inc.,late_aircraft_delay,110171.0,0.0197
2009,Pinnacle Airlines Inc.,arr_delay,2901522.0,0.5
2009,Pinnacle Airlines Inc.,carrier_delay,1080730.0,0.1862
2009,Pinnacle Airlines Inc.,security_delay,3756.0,0.0006
2009,Pinnacle Airlines Inc.,weather_delay,223500.0,0.0385
2009,Pinnacle Airlines Inc.,nas_delay,912812.0,0.1573
2009,Pinnacle Airlines Inc.,late_aircraft_delay,680724.0,0.1173
2009,SkyWest Airlines Inc.,arr_delay,2083726.0,0.5
2009,SkyWest Airlines Inc.,carrier_delay,708614.0,0.17
2009,SkyWest Airlines Inc.,security_delay,2023.0,0.0005
2009,SkyWest Airlines Inc.,weather_delay,105985.0,0.0254
2009,SkyWest Airlines Inc.,nas_delay,622622.0,0.1494
2009,SkyWest Airlines Inc.,late_aircraft_delay,644482.0,0.1546
2009,Southwest Airlines Co.,arr_delay,4846962.0,0.5
2009,Southwest Airlines Co.,carrier_delay,994967.0,0.1026
2009,Southwest Airlines Co.,security_delay,5788.0,0.0006
2009,Southwest Airlines Co.,weather_delay,113292.0,0.0117
2009,Southwest Airlines Co.,nas_delay,1379929.0,0.1423
2009,Southwest Airlines Co.,late_aircraft_delay,2352986.0,0.2427
2009,US Airways Inc.,arr_delay,8546919.0,0.5
2009,US Airways Inc.,carrier_delay,2119990.0,0.124
2009,US Airways Inc.,security_delay,19594.0,0.0011
2009,US Airways Inc.,weather_delay,385736.0,0.0226
2009,US Airways Inc.,nas_delay,1286218.0,0.0752
2009,US Airways Inc.,late_aircraft_delay,4735381.0,0.277
2009,United Air Lines Inc.,arr_delay,3493868.0,0.5
2009,United Air Lines Inc.,carrier_delay,906538.0,0.1297
2009,United Air Lines Inc.,security_delay,7244.0,0.001
2009,United Air Lines Inc.,weather_delay,83539.0,0.012
2009,United Air Lines Inc.,nas_delay,1444742.0,0.2068
2009,United Air Lines Inc.,late_aircraft_delay,1051805.0,0.1505
2010,AirTran Airways Corporation,arr_delay,3884015.0,0.5
2010,AirTran Airways Corporation,carrier_delay,982911.0,0.1265
2010,AirTran Airways Corporation,security_delay,1934.0,0.0002
2010,AirTran Airways Corporation,weather_delay,104241.0,0.0134
2010,AirTran Airways Corporation,nas_delay,1062676.0,0.1368
2010,AirTran Airways Corporation,late_aircraft_delay,1732253.0,0.223
2010,Alaska Airlines Inc.,arr_delay,2250344.0,0.5
2010,Alaska Airlines Inc.,carrier_delay,396780.0,0.0882
2010,Alaska Airlines Inc.,security_delay,0.0,0.0
2010,Alaska Airlines Inc.,weather_delay,33321.0,0.0074
2010,Alaska Airlines Inc.,nas_delay,684691.0,0.1521
2010,Alaska Airlines Inc.,late_aircraft_delay,1135552.0,0.2523
2010,American Airlines Inc.,arr_delay,742887.0,0.5
2010,American Airlines Inc.,carrier_delay,240406.0,0.1618
2010,American Airlines Inc.,security_delay,2438.0,0.0016
2010,American Airlines Inc.,weather_delay,29360.0,0.0198
2010,American Airlines Inc.,nas_delay,213461.0,0.1437
2010,American Airlines Inc.,late_aircraft_delay,257222.0,0.1731
2010,American Eagle Airlines Inc.,arr_delay,5567032.0,0.5
2010,American Eagle Airlines Inc.,carrier_delay,1993325.0,0.179
2010,American Eagle Airlines Inc.,security_delay,5964.0,0.0005
2010,American Eagle Airlines Inc.,weather_delay,358613.0,0.0322
2010,American Eagle Airlines Inc.,nas_delay,1502839.0,0.135
2010,American Eagle Airlines Inc.,late_aircraft_delay,1706291.0,0.1532
2010,Atlantic Southeast Airlines,arr_delay,4775423.0,0.5
2010,Atlantic Southeast Airlines,carrier_delay,1388973.0,0.1454
2010,Atlantic Southeast Airlines,security_delay,5026.0,0.0005
2010,Atlantic Southeast Airlines,weather_delay,353294.0,0.037
2010,Atlantic Southeast Airlines,nas_delay,1269873.0,0.133
2010,Atlantic Southeast Airlines,late_aircraft_delay,1758257.0,0.1841
2010,Comair Inc.,arr_delay,3880884.0,0.5
2010,Comair Inc.,carrier_delay,1325909.0,0.1708
2010,Comair Inc.,security_delay,2427.0,0.0003
2010,Comair Inc.,weather_delay,185030.0,0.0238
2010,Comair Inc.,nas_delay,722494.0,0.0931
2010,Comair Inc.,late_aircraft_delay,1645024.0,0.2119
2010,Continental Air Lines Inc.,arr_delay,1903057.0,0.5
2010,Continental Air Lines Inc.,carrier_delay,907961.0,0.2386
2010,Continental Air Lines Inc.,security_delay,1015.0,0.0003
2010,Continental Air Lines Inc.,weather_delay,231874.0,0.0609
2010,Continental Air Lines Inc.,nas_delay,613579.0,0.1612
2010,Continental Air Lines Inc.,late_aircraft_delay,148628.0,0.039
2010,Delta Air Lines Inc.,arr_delay,2077330.0,0.5
2010,Delta Air Lines Inc.,carrier_delay,619509.0,0.1491
2010,Delta Air Lines Inc.,security_delay,18615.0,0.0045
2010,Delta Air Lines Inc.,weather_delay,99435.0,0.0239
2010,Delta Air Lines Inc.,nas_delay,845930.0,0.2036
2010,Delta Air Lines Inc.,late_aircraft_delay,493841.0,0.1189
2010,ExpressJet Airlines Inc.,arr_delay,8195153.0,0.5
2010,ExpressJet Airlines Inc.,carrier_delay,2910037.0,0.1775
2010,ExpressJet Airlines Inc.,security_delay,3371.0,0.0002
2010,ExpressJet Airlines Inc.,weather_delay,380591.0,0.0232
2010,ExpressJet Airlines Inc.,nas_delay,2317796.0,0.1414
2010,ExpressJet Airlines Inc.,late_aircraft_delay,2583358.0,0.1576
2010,Frontier Airlines Inc.,arr_delay,4320138.0,0.5
2010,Frontier Airlines Inc.,carrier_delay,1046002.0,0.1211
2010,Frontier Airlines Inc.,security_delay,12001.0,0.0014
2010,Frontier Airlines Inc.,weather_delay,150767.0,0.0174
2010,Frontier Airlines Inc.,nas_delay,1442779.0,0.167
2010,Frontier Airlines Inc.,late_aircraft_delay,1668589.0,0.1931
2010,Hawaiian Airlines Inc.,arr_delay,741805.0,0.5
2010,Hawaiian Airlines Inc.,carrier_delay,171449.0,0.1156
2010,Hawaiian Airlines Inc.,security_delay,15.0,0.0
2010,Hawaiian Airlines Inc.,weather_delay,12214.0,0.0082
2010,Hawaiian Airlines Inc.,nas_delay,198576.0,0.1338
2010,Hawaiian Airlines Inc.,late_aircraft_delay,359551.0,0.2423
2010,JetBlue Airways,arr_delay,200890.0,0.5
2010,JetBlue Airways,carrier_delay,145240.0,0.3615
2010,JetBlue Airways,security_delay,426.0,0.0011
2010,JetBlue Airways,weather_delay,1447.0,0.0036
2010,JetBlue Airways,nas_delay,1561.0,0.0039
2010,JetBlue Airways,late_aircraft_delay,52216.0,0.13
2010,Mesa Airlines Inc.,arr_delay,2714755.0,0.5
2010,Mesa Airlines Inc.,carrier_delay,938067.0,0.1728
2010,Mesa Airlines Inc.,security_delay,3857.0,0.0007
2010,Mesa Airlines Inc.,weather_delay,57747.0,0.0106
2010,Mesa Airlines Inc.,nas_delay,751566.0,0.1384
2010,Mesa Airlines Inc.,late_aircraft_delay,963518.0,0.1775
2010,Pinnacle Airlines Inc.,arr_delay,1411694.0,0.5
2010,Pinnacle Airlines Inc.,carrier_delay,494672.0,0.1752
2010,Pinnacle Airlines Inc.,security_delay,3360.0,0.0012
2010,Pinnacle Airlines Inc.,weather_delay,61903.0,0.0219
2010,Pinnacle Airlines Inc.,nas_delay,306335.0,0.1085
2010,Pinnacle Airlines Inc.,late_aircraft_delay,545424.0,0.1932
2010,SkyWest Airlines Inc.,arr_delay,2614007.0,0.5
2010,SkyWest Airlines Inc.,carrier_delay,918154.0,0.1756
2010,SkyWest Airlines Inc.,security_delay,3105.0,0.0006
2010,SkyWest Airlines Inc.,weather_delay,121454.0,0.0232
2010,SkyWest Airlines Inc.,nas_delay,630777.0,0.1207
2010,SkyWest Airlines Inc.,late_aircraft_delay,940517.0,0.1799
2010,Southwest Airlines Co.,arr_delay,6221244.0,0.5
2010,Southwest Airlines Co.,carrier_delay,1391943.0,0.1119
2010,Southwest Airlines Co.,security_delay,7318.0,0.0006
2010,Southwest Airlines Co.,weather_delay,150243.0,0.0121
2010,Southwest Airlines Co.,nas_delay,1544865.0,0.1242
2010,Southwest Airlines Co.,late_aircraft_delay,3126875.0,0.2513
2010,US Airways Inc.,arr_delay,10019765.0,0.5
2010,US Airways Inc.,carrier_delay,2807731.0,0.1401
2010,US Airways Inc.,security_delay,26780.0,0.0013
2010,US Airways Inc.,weather_delay,387404.0,0.0193
2010,US Airways Inc.,nas_delay,1292382.0,0.0645
2010,US Airways Inc.,late_aircraft_delay,5505468.0,0.2747
2010,United Air Lines Inc.,arr_delay,2962032.0,0.5
2010,United Air Lines Inc.,carrier_delay,864059.0,0.1459
2010,United Air Lines Inc.,security_delay,10371.0,0.0018
2010,United Air Lines Inc.,weather_delay,93346.0,0.0158
2010,United Air Lines Inc.,nas_delay,1097278.0,0.1852
2010,United Air Lines Inc.,late_aircraft_delay,896978.0,0.1514
2011,AirTran Airways Corporation,arr_delay,2659169.0,0.5
2011,AirTran Airways Corporation,carrier_delay,657288.0,0.1236
2011,AirTran Airways Corporation,security_delay,1321.0,0.0002
2011,AirTran Airways Corporation,weather_delay,77169.0,0.0145
2011,AirTran Airways Corporation,nas_delay,792318.0,0.149
2011,AirTran Airways Corporation,late_aircraft_delay,1131073.0,0.2127
2011,Alaska Airlines Inc.,arr_delay,1989973.0,0.5
2011,Alaska Airlines Inc.,carrier_delay,345789.0,0.0869
2011,Alaska Airlines Inc.,security_delay,0.0,0.0
2011,Alaska Airlines Inc.,weather_delay,32337.0,0.0081
2011,Alaska Airlines Inc.,nas_delay,639600.0,0.1607
2011,Alaska Airlines Inc.,late_aircraft_delay,972247.0,0.2443
2011,American Airlines Inc.,arr_delay,768394.0,0.5
2011,American Airlines Inc.,carrier_delay,263080.0,0.1712
2011,American Airlines Inc.,security_delay,2900.0,0.0019
2011,American Airlines Inc.,weather_delay,26333.0,0.0171
2011,American Airlines Inc.,nas_delay,220996.0,0.1438
2011,American Airlines Inc.,late_aircraft_delay,255085.0,0.166
2011,American Eagle Airlines Inc.,arr_delay,5920027.0,0.5
2011,American Eagle Airlines Inc.,carrier_delay,2133045.0,0.1802
2011,American Eagle Airlines Inc.,security_delay,2337.0,0.0002
2011,American Eagle Airlines Inc.,weather_delay,402128.0,0.034
2011,American Eagle Airlines Inc.,nas_delay,1508584.0,0.1274
2011,American Eagle Airlines Inc.,late_aircraft_delay,1873933.0,0.1583
2011,Atlantic Southeast Airlines,arr_delay,4961488.0,0.5
2011,Atlantic Southeast Airlines,carrier_delay,1495747.0,0.1507
2011,Atlantic Southeast Airlines,security_delay,520.0,0.0001
2011,Atlantic Southeast Airlines,weather_delay,410419.0,0.0414
2011,Atlantic Southeast Airlines,nas_delay,1430392.0,0.1441
2011,Atlantic Southeast Airlines,late_aircraft_delay,1624410.0,0.1637
2011,Continental Air Lines Inc.,arr_delay,4752755.0,0.5
2011,Continental Air Lines Inc.,carrier_delay,1788178.0,0.1881
2011,Continental Air Lines Inc.,security_delay,3478.0,0.0004
2011,Continental Air Lines Inc.,weather_delay,172103.0,0.0181
2011,Continental Air Lines Inc.,nas_delay,634179.0,0.0667
2011,Continental Air Lines Inc.,late_aircraft_delay,2154817.0,0.2267
2011,Delta Air Lines Inc.,arr_delay,2631833.0,0.5
2011,Delta Air Lines Inc.,carrier_delay,795525.0,0.1511
2011,Delta Air Lines Inc.,security_delay,7280.0,0.0014
2011,Delta Air Lines Inc.,weather_delay,118460.0,0.0225
2011,Delta Air Lines Inc.,nas_delay,1084779.0,0.2061
2011,Delta Air Lines Inc.,late_aircraft_delay,625789.0,0.1189
2011,ExpressJet Airlines Inc.,arr_delay,6379744.0,0.5
2011,ExpressJet Airlines Inc.,carrier_delay,2188603.0,0.1715
2011,ExpressJet Airlines Inc.,security_delay,2316.0,0.0002
2011,ExpressJet Airlines Inc.,weather_delay,300395.0,0.0235
2011,ExpressJet Airlines Inc.,nas_delay,1827260.0,0.1432
2011,ExpressJet Airlines Inc.,late_aircraft_delay,2061170.0,0.1615
2011,Frontier Airlines Inc.,arr_delay,5642699.0,0.5
2011,Frontier Airlines Inc.,carrier_delay,1747377.0,0.1548
2011,Frontier Airlines Inc.,security_delay,6345.0,0.0006
2011,Frontier Airlines Inc.,weather_delay,151793.0,0.0135
2011,Frontier Airlines Inc.,nas_delay,1412892.0,0.1252
2011,Frontier Airlines Inc.,late_aircraft_delay,2324292.0,0.206
2011,Hawaiian Airlines Inc.,arr_delay,858717.0,0.5
2011,Hawaiian Airlines Inc.,carrier_delay,204453.0,0.119
2011,Hawaiian Airlines Inc.,security_delay,3.0,0.0
2011,Hawaiian Airlines Inc.,weather_delay,18188.0,0.0106
2011,Hawaiian Airlines Inc.,nas_delay,309499.0,0.1802
2011,Hawaiian Airlines Inc.,late_aircraft_delay,326574.0,0.1902
2011,JetBlue Airways,arr_delay,204982.0,0.5
2011,JetBlue Airways,carrier_delay,134751.0,0.3287
2011,JetBlue Airways,security_delay,236.0,0.0006
2011,JetBlue Airways,weather_delay,2665.0,0.0065
2011,JetBlue Airways,nas_delay,1623.0,0.004
2011,JetBlue Airways,late_aircraft_delay,65707.0,0.1603
2011,Mesa Airlines Inc.,arr_delay,3338303.0,0.5
2011,Mesa Airlines Inc.,carrier_delay,1067989.0,0.16
2011,Mesa Airlines Inc.,security_delay,3777.0,0.0006
2011,Mesa Airlines Inc.,weather_delay,73970.0,0.0111
2011,Mesa Airlines Inc.,nas_delay,992531.0,0.1487
2011,Mesa Airlines Inc.,late_aircraft_delay,1200036.0,0.1797
2011,SkyWest Airlines Inc.,arr_delay,1307800.0,0.5
2011,SkyWest Airlines Inc.,carrier_delay,389096.0,0.1488
2011,SkyWest Airlines Inc.,security_delay,2027.0,0.0008
2011,SkyWest Airlines Inc.,weather_delay,86705.0,0.0331
2011,SkyWest Airlines Inc.,nas_delay,194643.0,0.0744
2011,SkyWest Airlines Inc.,late_aircraft_delay,635329.0,0.2429
2011,Southwest Airlines Co.,arr_delay,5853266.0,0.5
2011,Southwest Airlines Co.,carrier_delay,1351901.0,0.1155
2011,Southwest Airlines Co.,security_delay,6293.0,0.0005
2011,Southwest Airlines Co.,weather_delay,139517.0,0.0119
2011,Southwest Airlines Co.,nas_delay,1401171.0,0.1197
2011,Southwest Airlines Co.,late_aircraft_delay,2954384.0,0.2524
2011,US Airways Inc.,arr_delay,10068538.0,0.5
2011,US Airways Inc.,carrier_delay,2660587.0,0.1321
2011,US Airways Inc.,security_delay,29808.0,0.0015
2011,US Airways Inc.,weather_delay,401769.0,0.02
2011,US Airways Inc.,nas_delay,1322394.0,0.0657
2011,US Airways Inc.,late_aircraft_delay,5653980.0,0.2808
2011,United Air Lines Inc.,arr_delay,3673811.0,0.5
2011,United Air Lines Inc.,carrier_delay,1151110.0,0.1567
2011,United Air Lines Inc.,security_delay,12167.0,0.0017
2011,United Air Lines Inc.,weather_delay,126345.0,0.0172
2011,United Air Lines Inc.,nas_delay,1329292.0,0.1809
2011,United Air Lines Inc.,late_aircraft_delay,1054897.0,0.1436
2012,AirTran Airways Corporation,arr_delay,3323608.0,0.5
2012,AirTran Airways Corporation,carrier_delay,836119.0,0.1258
2012,AirTran Airways Corporation,security_delay,1866.0,0.0003
2012,AirTran Airways Corporation,weather_delay,95246.0,0.0143
2012,AirTran Airways Corporation,nas_delay,993391.0,0.1494
2012,AirTran Airways Corporation,late_aircraft_delay,1396986.0,0.2102
2012,Alaska Airlines Inc.,arr_delay,1359679.0,0.5
2012,Alaska Airlines Inc.,carrier_delay,291019.0,0.107
2012,Alaska Airlines Inc.,security_delay,0.0,0.0
2012,Alaska Airlines Inc.,weather_delay,10554.0,0.0039
2012,Alaska Airlines Inc.,nas_delay,449052.0,0.1651
2012,Alaska Airlines Inc.,late_aircraft_delay,609054.0,0.224
2012,American Airlines Inc.,arr_delay,873457.0,0.5
2012,American Airlines Inc.,carrier_delay,281463.0,0.1611
2012,American Airlines Inc.,security_delay,3351.0,0.0019
2012,American Airlines Inc.,weather_delay,40341.0,0.0231
2012,American Airlines Inc.,nas_delay,231005.0,0.1322
2012,American Airlines Inc.,late_aircraft_delay,317297.0,0.1816
2012,American Eagle Airlines Inc.,arr_delay,6203823.0,0.5
2012,American Eagle Airlines Inc.,carrier_delay,2140352.0,0.1725
2012,American Eagle Airlines Inc.,security_delay,4362.0,0.0004
2012,American Eagle Airlines Inc.,weather_delay,343937.0,0.0277
2012,American Eagle Airlines Inc.,nas_delay,1419429.0,0.1144
2012,American Eagle Airlines Inc.,late_aircraft_delay,2295743.0,0.185
2012,Delta Air Lines Inc.,arr_delay,4483962.0,0.5
2012,Delta Air Lines Inc.,carrier_delay,1449463.0,0.1616
2012,Delta Air Lines Inc.,security_delay,2199.0,0.0002
2012,Delta Air Lines Inc.,weather_delay,461653.0,0.0515
2012,Delta Air Lines Inc.,nas_delay,1017463.0,0.1135
2012,Delta Air Lines Inc.,late_aircraft_delay,1553184.0,0.1732
2012,ExpressJet Airlines Inc.,arr_delay,5137754.0,0.5
2012,ExpressJet Airlines Inc.,carrier_delay,1965996.0,0.1913
2012,ExpressJet Airlines Inc.,security_delay,2025.0,0.0002
2012,ExpressJet Airlines Inc.,weather_delay,178767.0,0.0174
2012,ExpressJet Airlines Inc.,nas_delay,1361286.0,0.1325
2012,ExpressJet Airlines Inc.,late_aircraft_delay,1629680.0,0.1586
2012,Frontier Airlines Inc.,arr_delay,10233206.0,0.5
2012,Frontier Airlines Inc.,carrier_delay,3440955.0,0.1681
2012,Frontier Airlines Inc.,security_delay,5186.0,0.0003
2012,Frontier Airlines Inc.,weather_delay,375019.0,0.0183
2012,Frontier Airlines Inc.,nas_delay,1872726.0,0.0915
2012,Frontier Airlines Inc.,late_aircraft_delay,4539320.0,0.2218
2012,Hawaiian Airlines Inc.,arr_delay,805897.0,0.5
2012,Hawaiian Airlines Inc.,carrier_delay,224734.0,0.1394
2012,Hawaiian Airlines Inc.,security_delay,0.0,0.0
2012,Hawaiian Airlines Inc.,weather_delay,13967.0,0.0087
2012,Hawaiian Airlines Inc.,nas_delay,276864.0,0.1718
2012,Hawaiian Airlines Inc.,late_aircraft_delay,290332.0,0.1801
2012,JetBlue Airways,arr_delay,219987.0,0.5
2012,JetBlue Airways,carrier_delay,152293.0,0.3461
2012,JetBlue Airways,security_delay,448.0,0.001
2012,JetBlue Airways,weather_delay,3202.0,0.0073
2012,JetBlue Airways,nas_delay,3891.0,0.0088
2012,JetBlue Airways,late_aircraft_delay,60153.0,0.1367
2012,Mesa Airlines Inc.,arr_delay,2769958.0,0.5
2012,Mesa Airlines Inc.,carrier_delay,937170.0,0.1692
2012,Mesa Airlines Inc.,security_delay,4590.0,0.0008
2012,Mesa Airlines Inc.,weather_delay,79391.0,0.0143
2012,Mesa Airlines Inc.,nas_delay,670050.0,0.1209
2012,Mesa Airlines Inc.,late_aircraft_delay,1078757.0,0.1947
2012,SkyWest Airlines Inc.,arr_delay,987857.0,0.5
2012,SkyWest Airlines Inc.,carrier_delay,315348.0,0.1596
2012,SkyWest Airlines Inc.,security_delay,2312.0,0.0012
2012,SkyWest Airlines Inc.,weather_delay,35151.0,0.0178
2012,SkyWest Airlines Inc.,nas_delay,159784.0,0.0809
2012,SkyWest Airlines Inc.,late_aircraft_delay,475262.0,0.2406
2012,Southwest Airlines Co.,arr_delay,5584373.0,0.5
2012,Southwest Airlines Co.,carrier_delay,1361625.0,0.1219
2012,Southwest Airlines Co.,security_delay,4642.0,0.0004
2012,Southwest Airlines Co.,weather_delay,109699.0,0.0098
2012,Southwest Airlines Co.,nas_delay,1277909.0,0.1144
2012,Southwest Airlines Co.,late_aircraft_delay,2830498.0,0.2534
2012,US Airways Inc.,arr_delay,8817287.0,0.5
2012,US Airways Inc.,carrier_delay,2597227.0,0.1473
2012,US Airways Inc.,security_delay,23595.0,0.0013
2012,US Airways Inc.,weather_delay,355444.0,0.0202
2012,US Airways Inc.,nas_delay,1231090.0,0.0698
2012,US Airways Inc.,late_aircraft_delay,4609931.0,0.2614
2012,United Air Lines Inc.,arr_delay,2390440.0,0.5
2012,United Air Lines Inc.,carrier_delay,802955.0,0.168
2012,United Air Lines Inc.,security_delay,9398.0,0.002
2012,United Air Lines Inc.,weather_delay,71106.0,0.0149
2012,United Air Lines Inc.,nas_delay,892927.0,0.1868
2012,United Air Lines Inc.,late_aircraft_delay,614054.0,0.1284
2012,Virgin America,arr_delay,6430973.0,0.5
2012,Virgin America,carrier_delay,2117722.0,0.1647
2012,Virgin America,security_delay,9977.0,0.0008
2012,Virgin America,weather_delay,158082.0,0.0123
2012,Virgin America,nas_delay,1661035.0,0.1291
2012,Virgin America,late_aircraft_delay,2484157.0,0.1931
2013,AirTran Airways Corporation,arr_delay,619839.0,0.5
2013,AirTran Airways Corporation,carrier_delay,87462.0,0.0706
2013,AirTran Airways Corporation,security_delay,967.0,0.0008
2013,AirTran Airways Corporation,weather_delay,43546.0,0.0351
2013,AirTran Airways Corporation,nas_delay,304827.0,0.2459
2013,AirTran Airways Corporation,late_aircraft_delay,183037.0,0.1476
2013,Alaska Airlines Inc.,arr_delay,1792722.0,0.5
2013,Alaska Airlines Inc.,carrier_delay,390049.0,0.1088
2013,Alaska Airlines Inc.,security_delay,4.0,0.0
2013,Alaska Airlines Inc.,weather_delay,44645.0,0.0125
2013,Alaska Airlines Inc.,nas_delay,490083.0,0.1367
2013,Alaska Airlines Inc.,late_aircraft_delay,867941.0,0.2421
2013,American Airlines Inc.,arr_delay,846645.0,0.5
2013,American Airlines Inc.,carrier_delay,256509.0,0.1515
2013,American Airlines Inc.,security_delay,5871.0,0.0035
2013,American Airlines Inc.,weather_delay,32186.0,0.019
2013,American Airlines Inc.,nas_delay,270387.0,0.1597
2013,American Airlines Inc.,late_aircraft_delay,281692.0,0.1664
2013,American Eagle Airlines Inc.,arr_delay,6444649.0,0.5
2013,American Eagle Airlines Inc.,carrier_delay,1956073.0,0.1518
2013,American Eagle Airlines Inc.,security_delay,6396.0,0.0005
2013,American Eagle Airlines Inc.,weather_delay,351268.0,0.0273
2013,American Eagle Airlines Inc.,nas_delay,1422040.0,0.1103
2013,American Eagle Airlines Inc.,late_aircraft_delay,2708872.0,0.2102
2013,Delta Air Lines Inc.,arr_delay,6615107.0,0.5
2013,Delta Air Lines Inc.,carrier_delay,1737624.0,0.1313
2013,Delta Air Lines Inc.,security_delay,2391.0,0.0002
2013,Delta Air Lines Inc.,weather_delay,642361.0,0.0486
2013,Delta Air Lines Inc.,nas_delay,1597475.0,0.1207
2013,Delta Air Lines Inc.,late_aircraft_delay,2635256.0,0.1992
2013,Endeavor Air Inc.,arr_delay,6507497.0,0.5
2013,Endeavor Air Inc.,carrier_delay,2642154.0,0.203
2013,Endeavor Air Inc.,security_delay,7761.0,0.0006
2013,Endeavor Air Inc.,weather_delay,325322.0,0.025
2013,Endeavor Air Inc.,nas_delay,1713722.0,0.1317
2013,Endeavor Air Inc.,late_aircraft_delay,1818538.0,0.1397
2013,ExpressJet Airlines Inc.,arr_delay,965756.0,0.5
2013,ExpressJet Airlines Inc.,carrier_delay,358178.0,0.1854
2013,ExpressJet Airlines Inc.,security_delay,1141.0,0.0006
2013,ExpressJet Airlines Inc.,weather_delay,38495.0,0.0199
2013,ExpressJet Airlines Inc.,nas_delay,244052.0,0.1264
2013,ExpressJet Airlines Inc.,late_aircraft_delay,323890.0,0.1677
2013,Frontier Airlines Inc.,arr_delay,11883724.0,0.5
2013,Frontier Airlines Inc.,carrier_delay,3373597.0,0.1419
2013,Frontier Airlines Inc.,security_delay,5278.0,0.0002
2013,Frontier Airlines Inc.,weather_delay,312752.0,0.0132
2013,Frontier Airlines Inc.,nas_delay,2870556.0,0.1208
2013,Frontier Airlines Inc.,late_aircraft_delay,5321541.0,0.2239
2013,Hawaiian Airlines Inc.,arr_delay,1085003.0,0.5
2013,Hawaiian Airlines Inc.,carrier_delay,221157.0,0.1019
2013,Hawaiian Airlines Inc.,security_delay,0.0,0.0
2013,Hawaiian Airlines Inc.,weather_delay,19469.0,0.009
2013,Hawaiian Airlines Inc.,nas_delay,434730.0,0.2003
2013,Hawaiian Airlines Inc.,late_aircraft_delay,409647.0,0.1888
2013,JetBlue Airways,arr_delay,241359.0,0.5
2013,JetBlue Airways,carrier_delay,164521.0,0.3408
2013,JetBlue Airways,security_delay,847.0,0.0018
2013,JetBlue Airways,weather_delay,3775.0,0.0078
2013,JetBlue Airways,nas_delay,8231.0,0.0171
2013,JetBlue Airways,late_aircraft_delay,63985.0,0.1326
2013,Mesa Airlines Inc.,arr_delay,3584520.0,0.5
2013,Mesa Airlines Inc.,carrier_delay,1068538.0,0.149
2013,Mesa Airlines Inc.,security_delay,10162.0,0.0014
2013,Mesa Airlines Inc.,weather_delay,70838.0,0.0099
2013,Mesa Airlines Inc.,nas_delay,993716.0,0.1386
2013,Mesa Airlines Inc.,late_aircraft_delay,1441266.0,0.201
2013,Pinnacle Airlines Inc.,arr_delay,1697122.0,0.5
2013,Pinnacle Airlines Inc.,carrier_delay,466971.0,0.1376
2013,Pinnacle Airlines Inc.,security_delay,6067.0,0.0018
2013,Pinnacle Airlines Inc.,weather_delay,68887.0,0.0203
2013,Pinnacle Airlines Inc.,nas_delay,250932.0,0.0739
2013,Pinnacle Airlines Inc.,late_aircraft_delay,904265.0,0.2664
2013,SkyWest Airlines Inc.,arr_delay,2216269.0,0.5
2013,SkyWest Airlines Inc.,carrier_delay,714214.0,0.1611
2013,SkyWest Airlines Inc.,security_delay,2118.0,0.0005
2013,SkyWest Airlines Inc.,weather_delay,95932.0,0.0216
2013,SkyWest Airlines Inc.,nas_delay,647267.0,0.146
2013,SkyWest Airlines Inc.,late_aircraft_delay,756738.0,0.1707
2013,Southwest Airlines Co.,arr_delay,6466611.0,0.5
2013,Southwest Airlines Co.,carrier_delay,1684042.0,0.1302
2013,Southwest Airlines Co.,security_delay,8051.0,0.0006
2013,Southwest Airlines Co.,weather_delay,178663.0,0.0138
2013,Southwest Airlines Co.,nas_delay,1438350.0,0.1112
2013,Southwest Airlines Co.,late_aircraft_delay,3157505.0,0.2441
2013,US Airways Inc.,arr_delay,11673064.0,0.5
2013,US Airways Inc.,carrier_delay,3186295.0,0.1365
2013,US Airways Inc.,security_delay,24304.0,0.001
2013,US Airways Inc.,weather_delay,447643.0,0.0192
2013,US Airways Inc.,nas_delay,1757158.0,0.0753
2013,US Airways Inc.,late_aircraft_delay,6257664.0,0.268
2013,United Air Lines Inc.,arr_delay,3442069.0,0.5
2013,United Air Lines Inc.,carrier_delay,1091322.0,0.1585
2013,United Air Lines Inc.,security_delay,11612.0,0.0017
2013,United Air Lines Inc.,weather_delay,100384.0,0.0146
2013,United Air Lines Inc.,nas_delay,1278986.0,0.1858
2013,United Air Lines Inc.,late_aircraft_delay,959765.0,0.1394
2013,Virgin America,arr_delay,5785937.0,0.5
2013,Virgin America,carrier_delay,1720792.0,0.1487
2013,Virgin America,security_delay,5936.0,0.0005
2013,Virgin America,weather_delay,199954.0,0.0173
2013,Virgin America,nas_delay,1697544.0,0.1467
2013,Virgin America,late_aircraft_delay,2161711.0,0.1868
2014,AirTran Airways Corporation,arr_delay,689311.0,0.5
2014,AirTran Airways Corporation,carrier_delay,105122.0,0.0763
2014,AirTran Airways Corporation,security_delay,5712.0,0.0041
2014,AirTran Airways Corporation,weather_delay,41530.0,0.0301
2014,AirTran Airways Corporation,nas_delay,311445.0,0.2259
2014,AirTran Airways Corporation,late_aircraft_delay,225502.0,0.1636
2014,Alaska Airlines Inc.,arr_delay,677409.0,0.5
2014,Alaska Airlines Inc.,carrier_delay,166551.0,0.1229
2014,Alaska Airlines Inc.,security_delay,0.0,0.0
2014,Alaska Airlines Inc.,weather_delay,20783.0,0.0153
2014,Alaska Airlines Inc.,nas_delay,168651.0,0.1245
2014,Alaska Airlines Inc.,late_aircraft_delay,321424.0,0.2372
2014,American Airlines Inc.,arr_delay,1004760.0,0.5
2014,American Airlines Inc.,carrier_delay,292653.0,0.1456
2014,American Airlines Inc.,security_delay,3943.0,0.002
2014,American Airlines Inc.,weather_delay,35444.0,0.0176
2014,American Airlines Inc.,nas_delay,308226.0,0.1534
2014,American Airlines Inc.,late_aircraft_delay,364494.0,0.1814
2014,American Eagle Airlines Inc.,arr_delay,7116578.0,0.5
2014,American Eagle Airlines Inc.,carrier_delay,2192808.0,0.1541
2014,American Eagle Airlines Inc.,security_delay,4225.0,0.0003
2014,American Eagle Airlines Inc.,weather_delay,406622.0,0.0286
2014,American Eagle Airlines Inc.,nas_delay,1628750.0,0.1144
2014,American Eagle Airlines Inc.,late_aircraft_delay,2884173.0,0.2026
2014,Delta Air Lines Inc.,arr_delay,1867490.0,0.5
2014,Delta Air Lines Inc.,carrier_delay,500644.0,0.134
2014,Delta Air Lines Inc.,security_delay,154.0,0.0
2014,Delta Air Lines Inc.,weather_delay,184589.0,0.0494
2014,Delta Air Lines Inc.,nas_delay,509167.0,0.1363
2014,Delta Air Lines Inc.,late_aircraft_delay,672936.0,0.1802
2014,Envoy Air,arr_delay,6715351.0,0.5
2014,Envoy Air,carrier_delay,2603701.0,0.1939
2014,Envoy Air,security_delay,3589.0,0.0003
2014,Envoy Air,weather_delay,483481.0,0.036
2014,Envoy Air,nas_delay,1764664.0,0.1314
2014,Envoy Air,late_aircraft_delay,1859916.0,0.1385
2014,ExpressJet Airlines Inc.,arr_delay,4057161.0,0.5
2014,ExpressJet Airlines Inc.,carrier_delay,1026889.0,0.1266
2014,ExpressJet Airlines Inc.,security_delay,5238.0,0.0006
2014,ExpressJet Airlines Inc.,weather_delay,293159.0,0.0361
2014,ExpressJet Airlines Inc.,nas_delay,1191091.0,0.1468
2014,ExpressJet Airlines Inc.,late_aircraft_delay,1540784.0,0.1899
2014,Frontier Airlines Inc.,arr_delay,10803695.0,0.5
2014,Frontier Airlines Inc.,carrier_delay,3327976.0,0.154
2014,Frontier Airlines Inc.,security_delay,2833.0,0.0001
2014,Frontier Airlines Inc.,weather_delay,275819.0,0.0128
2014,Frontier Airlines Inc.,nas_delay,2678540.0,0.124
2014,Frontier Airlines Inc.,late_aircraft_delay,4518527.0,0.2091
2014,Hawaiian Airlines Inc.,arr_delay,1332990.0,0.5
2014,Hawaiian Airlines Inc.,carrier_delay,258351.0,0.0969
2014,Hawaiian Airlines Inc.,security_delay,0.0,0.0
2014,Hawaiian Airlines Inc.,weather_delay,22362.0,0.0084
2014,Hawaiian Airlines Inc.,nas_delay,532323.0,0.1997
2014,Hawaiian Airlines Inc.,late_aircraft_delay,519954.0,0.195
2014,JetBlue Airways,arr_delay,271899.0,0.5
2014,JetBlue Airways,carrier_delay,168569.0,0.31
2014,JetBlue Airways,security_delay,341.0,0.0006
2014,JetBlue Airways,weather_delay,7413.0,0.0136
2014,JetBlue Airways,nas_delay,12629.0,0.0232
2014,JetBlue Airways,late_aircraft_delay,82947.0,0.1525
2014,SkyWest Airlines Inc.,arr_delay,3257435.0,0.5
2014,SkyWest Airlines Inc.,carrier_delay,949685.0,0.1458
2014,SkyWest Airlines Inc.,security_delay,8170.0,0.0013
2014,SkyWest Airlines Inc.,weather_delay,143838.0,0.0221
2014,SkyWest Airlines Inc.,nas_delay,942966.0,0.1447
2014,SkyWest Airlines Inc.,late_aircraft_delay,1212776.0,0.1862
2014,Southwest Airlines Co.,arr_delay,7267968.0,0.5
2014,Southwest Airlines Co.,carrier_delay,2006744.0,0.1381
2014,Southwest Airlines Co.,security_delay,7654.0,0.0005
2014,Southwest Airlines Co.,weather_delay,182355.0,0.0125
2014,Southwest Airlines Co.,nas_delay,1587579.0,0.1092
2014,Southwest Airlines Co.,late_aircraft_delay,3483636.0,0.2397
2014,US Airways Inc.,arr_delay,15275868.0,0.5
2014,US Airways Inc.,carrier_delay,4415135.0,0.1445
2014,US Airways Inc.,security_delay,13679.0,0.0004
2014,US Airways Inc.,weather_delay,475211.0,0.0156
2014,US Airways Inc.,nas_delay,1931746.0,0.0632
2014,US Airways Inc.,late_aircraft_delay,8440097.0,0.2763
2014,United Air Lines Inc.,arr_delay,3595748.0,0.5
2014,United Air Lines Inc.,carrier_delay,1288263.0,0.1791
2014,United Air Lines Inc.,security_delay,13627.0,0.0019
2014,United Air Lines Inc.,weather_delay,137413.0,0.0191
2014,United Air Lines Inc.,nas_delay,1169643.0,0.1626
2014,United Air Lines Inc.,late_aircraft_delay,986802.0,0.1372
2014,Virgin America,arr_delay,6411711.0,0.5
2014,Virgin America,carrier_delay,1962778.0,0.1531
2014,Virgin America,security_delay,215.0,0.0
2014,Virgin America,weather_delay,277047.0,0.0216
2014,Virgin America,nas_delay,1783921.0,0.1391
2014,Virgin America,late_aircraft_delay,2387750.0,0.1862
2015,Alaska Airlines Inc.,arr_delay,659900.0,0.5
2015,Alaska Airlines Inc.,carrier_delay,98106.0,0.0743
2015,Alaska Airlines Inc.,security_delay,1682.0,0.0013
2015,Alaska Airlines Inc.,weather_delay,43133.0,0.0327
2015,Alaska Airlines Inc.,nas_delay,309655.0,0.2346
2015,Alaska Airlines Inc.,late_aircraft_delay,207324.0,0.1571
2015,American Airlines Inc.,arr_delay,903591.0,0.5
2015,American Airlines Inc.,carrier_delay,295010.0,0.1632
2015,American Airlines Inc.,security_delay,4947.0,0.0027
2015,American Airlines Inc.,weather_delay,32511.0,0.018
2015,American Airlines Inc.,nas_delay,248168.0,0.1373
2015,American Airlines Inc.,late_aircraft_delay,322955.0,0.1787
2015,Delta Air Lines Inc.,arr_delay,6323442.0,0.5
2015,Delta Air Lines Inc.,carrier_delay,2221390.0,0.1756
2015,Delta Air Lines Inc.,security_delay,9422.0,0.0007
2015,Delta Air Lines Inc.,weather_delay,380180.0,0.0301
2015,Delta Air Lines Inc.,nas_delay,1390401.0,0.1099
2015,Delta Air Lines Inc.,late_aircraft_delay,2322049.0,0.1836
2015,Envoy Air,arr_delay,6036527.0,0.5
2015,Envoy Air,carrier_delay,2261533.0,0.1873
2015,Envoy Air,security_delay,2770.0,0.0002
2015,Envoy Air,weather_delay,495344.0,0.041
2015,Envoy Air,nas_delay,1505005.0,0.1247
2015,Envoy Air,late_aircraft_delay,1771875.0,0.1468
2015,ExpressJet Airlines Inc.,arr_delay,3423696.0,0.5
2015,ExpressJet Airlines Inc.,carrier_delay,945858.0,0.1381
2015,ExpressJet Airlines Inc.,security_delay,6331.0,0.0009
2015,ExpressJet Airlines Inc.,weather_delay,336050.0,0.0491
2015,ExpressJet Airlines Inc.,nas_delay,843492.0,0.1232
2015,ExpressJet Airlines Inc.,late_aircraft_delay,1291965.0,0.1887
2015,Frontier Airlines Inc.,arr_delay,5801004.0,0.5
2015,Frontier Airlines Inc.,carrier_delay,1993072.0,0.1718
2015,Frontier Airlines Inc.,security_delay,0.0,0.0
2015,Frontier Airlines Inc.,weather_delay,146123.0,0.0126
2015,Frontier Airlines Inc.,nas_delay,1438035.0,0.1239
2015,Frontier Airlines Inc.,late_aircraft_delay,2223774.0,0.1917
2015,Hawaiian Airlines Inc.,arr_delay,1316916.0,0.5
2015,Hawaiian Airlines Inc.,carrier_delay,288448.0,0.1095
2015,Hawaiian Airlines Inc.,security_delay,0.0,0.0
2015,Hawaiian Airlines Inc.,weather_delay,15508.0,0.0059
2015,Hawaiian Airlines Inc.,nas_delay,487181.0,0.185
2015,Hawaiian Airlines Inc.,late_aircraft_delay,525779.0,0.1996
2015,JetBlue Airways,arr_delay,355567.0,0.5
2015,JetBlue Airways,carrier_delay,182957.0,0.2573
2015,JetBlue Airways,security_delay,520.0,0.0007
2015,JetBlue Airways,weather_delay,11727.0,0.0165
2015,JetBlue Airways,nas_delay,24600.0,0.0346
2015,JetBlue Airways,late_aircraft_delay,135763.0,0.1909
2015,SkyWest Airlines Inc.,arr_delay,2934463.0,0.5
2015,SkyWest Airlines Inc.,carrier_delay,853908.0,0.1455
2015,SkyWest Airlines Inc.,security_delay,8957.0,0.0015
2015,SkyWest Airlines Inc.,weather_delay,102211.0,0.0174
2015,SkyWest Airlines Inc.,nas_delay,831605.0,0.1417
2015,SkyWest Airlines Inc.,late_aircraft_delay,1137782.0,0.1939
2015,Southwest Airlines Co.,arr_delay,5289878.0,0.5
2015,Southwest Airlines Co.,carrier_delay,1678788.0,0.1587
2015,Southwest Airlines Co.,security_delay,8044.0,0.0008
2015,Southwest Airlines Co.,weather_delay,192005.0,0.0181
2015,Southwest Airlines Co.,nas_delay,1055720.0,0.0998
2015,Southwest Airlines Co.,late_aircraft_delay,2355321.0,0.2226
2015,Spirit Air Lines,arr_delay,10354221.0,0.5
2015,Spirit Air Lines,carrier_delay,3204810.0,0.1548
2015,Spirit Air Lines,security_delay,8627.0,0.0004
2015,Spirit Air Lines,weather_delay,468468.0,0.0226
2015,Spirit Air Lines,nas_delay,1409614.0,0.0681
2015,Spirit Air Lines,late_aircraft_delay,5262702.0,0.2541
2015,US Airways Inc.,arr_delay,1852078.0,0.5
2015,US Airways Inc.,carrier_delay,396178.0,0.107
2015,US Airways Inc.,security_delay,3973.0,0.0011
2015,US Airways Inc.,weather_delay,38067.0,0.0103
2015,US Airways Inc.,nas_delay,809085.0,0.2184
2015,US Airways Inc.,late_aircraft_delay,604775.0,0.1633
2015,United Air Lines Inc.,arr_delay,1875504.0,0.5
2015,United Air Lines Inc.,carrier_delay,650995.0,0.1736
2015,United Air Lines Inc.,security_delay,6163.0,0.0016
2015,United Air Lines Inc.,weather_delay,72936.0,0.0194
2015,United Air Lines Inc.,nas_delay,608248.0,0.1622
2015,United Air Lines Inc.,late_aircraft_delay,537162.0,0.1432
2015,Virgin America,arr_delay,5566832.0,0.5
2015,Virgin America,carrier_delay,1840205.0,0.1653
2015,Virgin America,security_delay,1225.0,0.0001
2015,Virgin America,weather_delay,265396.0,0.0238
2015,Virgin America,nas_delay,1227623.0,0.1103
2015,Virgin America,late_aircraft_delay,2232383.0,0.2005
